Workbook
Name NamedRange1: PATHIRAM!$A$1:$AB$1
Name NamedRange1: RING!$A$1:$AB$1
Name NamedRange1: SL!$A$1:$AB$1
Name NamedRange1: STEPS!$A$1:$AB$1
Name NamedRange1: KOLUSU!$A$1:$AB$1
Name NamedRange1: 'DOOR CLOSING'!$A$1:$AB$1
Name NamedRange1: COLLECTION!$A$1:$AB$1
Name NamedRange1: 'DOOR OPEN'!$A$1:$AB$1
Name NamedRange1: 'FAN CLEAN'!$A$1:$AB$1
Name NamedRange1: 'DROPS ARR'!$A$1:$AB$1
Name NamedRange1: PURSE!$A$1:$AB$1
Name NamedRange1: 'PATHIRAM,SL BOX'!$A$1:$AB$1
Name NamedRange1: 'CHAIN ARR'!$A$1:$AB$1
Name NamedRange1: MET.MKT!$A$1:$AB$1
Name NamedRange1: #REF!
Name NamedRange1: CASH!$A$1:$AB$1
Name NamedRange1: 'SIL.ARR (MOR&EVE)'!$A$1:$AB$1
Name NamedRange1: TEA!$A$1:$AB$1
Name NamedRange1: CHAIN!$A$1:$AB$1
Name NamedRange1: 'TRAY ARR'!$A$1:$AB$1
Name NamedRange1: 'MAADI CLEAN'!$A$1:$AB$1
Name NamedRange1: 'EVENING CLEAN'!$A$1:$AB$1
Name NamedRange1: 'DUSTBIN CLEAN'!$A$1:$AB$1
Name NamedRange1: 'MOR CLEAN'!$A$1:$AB$1
Name NamedRange1: DROPS!$A$1:$AB$1
Name NamedRange1: 'DUSTBIN CHECK'!$A$1:$AB$1
Name NamedRange1: CHITTAI!$A$1:$AB$1

Sheet AUTHENTICATION
A1: USERNAME | B1: AUTHENTICATION | C1: PERMISSION KEY
A2: MUTHUKUMAR | B2: MK
A3: VISHNUPRIYA | B3: VP
A4: NIVETHA | B4: NA
A5: CHINNAMMAL | B5: CH

Sheet OVERVIEW 
I1: =OR(TEXT(TODAY()+1, "DDD")="Tue", TEXT(TODAY()+1, "DDD")="Fri") -> TRUE
D2: FALSE | E2: FALSE | F2: FALSE | G2: TRUE | H2: =I1 -> TRUE | I2: =I1 -> TRUE | J2: =I1 -> TRUE | K2: =I1 -> TRUE | L2: TRUE | M2: TRUE | N2: TRUE | O2: TRUE | P2: TRUE | Q2: TRUE | V2: TRUE | W2: TRUE | X2: TRUE | Y2: TRUE | AD2: TRUE | AE2: TRUE | AG2: TRUE | AH2: FALSE | AI2: FALSE | AN2: FALSE | AO2: FALSE | AP2: FALSE
D3: CHITTAI | E3: CASHIER | F3: STEPS | G3: COLLECTION | H3: PATHIRAM,SL BOX | I3: PATHIRAM | J3: SL | K3: KOLUSU | L3: TEA | M3: MET.MKT | N3: SIL.ARR (MOR&EVE) | O3: CHAIN | P3: CHAIN ARRANGE | Q3: DROPS ARRANGE | V3: DROPS | W3: RING | X3: EVENING CLEANING | Y3: DUSTBIN CHECK | AD3: DUSTBIN CLEAN | AE3: TRAY ARRANGE | AG3: SHOP CLOSING | AH3: SHOP OPEN | AI3: MOR CLEAN | AK3: =D30 | AL3: =D29 -> CHITTAI | AN3: PURSE,BAG | AO3: MAADI CLEAN | AP3: FAN CLEAN
A4: =D30 | B4: =D3 -> CHITTAI | D4: =IF($D$2=TRUE,CHITTAI!V2,"") | E4: =IF($E$2=TRUE,CASH!V2,"") | F4: =IF($F$2=TRUE,STEPS!V2,"") | G4: =IF($G$2=TRUE,COLLECTION!V2,"") -> VIJI-2 | H4: =IF($H$2=TRUE,'PATHIRAM,SL BOX'!V2,"") -> RAJI-2 | I4: =IF($I$2=TRUE,PATHIRAM!V2,"") -> SAHANA | J4: =IF($J$2=TRUE,SL!V2,"") -> SUDHARSHINI | K4: =IF($K$2=TRUE,KOLUSU!V2,"") -> DEEPA | L4: =IF($L$2=TRUE,TEA!V2,"") -> JEYANTHI | M4: =IF($M$2=TRUE,MET.MKT!V2,"") -> BHARATHI | N4: =IF($N$2=TRUE,'SIL.ARR (MOR&EVE)'!V2,"") -> CHINNAMMAL | O4: =IF($O$2=TRUE,CHAIN!V2,"") -> RAJI-2 | P4: =IF($P$2=TRUE,'CHAIN ARR'!V2,"") -> KAVIYA | Q4: =IF($Q$2=TRUE,'DROPS ARR'!V2,"") -> SHANTHI | S4: =D30 | T4: =D3 -> CHITTAI | V4: =IF($V$2=TRUE,DROPS!V2,"") -> JEYANTHI | W4: =IF($W$2=TRUE,RING!V2,"") -> CHINNAMMAL | X4: =IF($X$2=TRUE,'EVENING CLEAN'!V2,"") -> SANTHIYA | Y4: =IF($Y$2=TRUE,'DUSTBIN CHECK'!V2,"") -> VIJI-2 | AA4: =Y30 -> VIJI-2 | AB4: =Y3 -> DUSTBIN CHECK | AD4: =IF($AD$2=TRUE,'DUSTBIN CLEAN'!V2,"") -> SANTHIYA | AE4: =IF($AE$2=TRUE,'TRAY ARR'!V2,"") -> MUTHUPRIYA | AG4: =IF($AG$2=TRUE,'DOOR CLOSING'!V2,"") -> SAKTHIVEL 2 | AH4: =IF(WEEKDAY(TODAY()+1)=1, "PARIMANAM",'DOOR OPEN'!V2) -> MANIMARAN | AI4: =IF($AI$2=TRUE,'MOR CLEAN'!X2,'MOR CLEAN'!V2) -> RANI | AK4: =E30 | AL4: =E29 -> CASHIER | AN4: =IF($AN$2=TRUE,PURSE!X2,PURSE!V2) -> CHINNAMMAL | AO4: =IF($AO$2=TRUE,'MAADI CLEAN'!X2,'MAADI CLEAN'!V2) -> VIDHYA | AP4: =IF($AP$2=TRUE,'FAN CLEAN'!X2,'FAN CLEAN'!V2) -> SHANTHI
A5: =E30 | B5: =E3 -> CASHIER | D5: =IF($D$2=TRUE,CHITTAI!V3,"") | E5: =IF($E$2=TRUE,CASH!V3,"") | F5: =IF($F$2=TRUE,STEPS!V3,"") | G5: =IF($G$2=TRUE,COLLECTION!V3,"") -> BHARATHI | H5: =IF($H$2=TRUE,'PATHIRAM,SL BOX'!V3,"") -> VIJI-1 | I5: =IF($I$2=TRUE,PATHIRAM!V3,"") -> VISHNUPRIYA | J5: =IF($J$2=TRUE,SL!V3,"") -> VIDHYA | K5: =IF($K$2=TRUE,KOLUSU!V3,"") -> VIJI-2 | L5: =IF($L$2=TRUE,TEA!V3,"") -> SANTHIYA | M5: =IF($M$2=TRUE,MET.MKT!V3,"") -> DHANALAKSHMI | N5: =IF($N$2=TRUE,'SIL.ARR (MOR&EVE)'!V3,"") -> RAJI-2 | O5: =IF($O$2=TRUE,CHAIN!V3,"") -> JEYANTHI | P5: =IF($P$2=TRUE,'CHAIN ARR'!V3,"") -> MUTHUPRIYA | Q5: =IF($Q$2=TRUE,'DROPS ARR'!V3,"") -> SUDHARSHINI | S5: =E30 | T5: =E3 -> CASHIER | V5: =IF($V$2=TRUE,DROPS!V3,"") -> VIJI-2 | W5: =IF($W$2=TRUE,RING!V3,"") -> VIDHYA | X5: =IF($X$2=TRUE,'EVENING CLEAN'!V3,"") -> RAJI-1 | Y5: =IF($Y$2=TRUE,'DUSTBIN CHECK'!V3,"") -> BHARATHI | AA5: =Y31 -> BHARATHI | AB5: =Y3 -> DUSTBIN CHECK | AD5: =IF($AD$2=TRUE,'DUSTBIN CLEAN'!V3,"") -> VIJI-2 | AE5: =IF($AE$2=TRUE,'TRAY ARR'!V3,"") -> KAVIYA | AG5: =IF($AG$2=TRUE,'DOOR CLOSING'!V3,"") -> ARULMURUGAN | AH5: =IF(WEEKDAY(TODAY()+1)=1, "PARIMANAM",'DOOR OPEN'!V3) -> ARULMURUGAN | AI5: =IF($AI$2=TRUE,'MOR CLEAN'!X3,'MOR CLEAN'!V3) -> VIJI-1 | AK5: =F30 | AL5: =F29 -> STEPS | AN5: =IF($AN$2=TRUE,PURSE!X3,PURSE!V3) -> YAMUNA | AO5: =IF($AO$2=TRUE,'MAADI CLEAN'!X3,'MAADI CLEAN'!V3) -> RAJI-1 | AP5: =IF($AP$2=TRUE,'FAN CLEAN'!X3,'FAN CLEAN'!V3) -> VISHNUPRIYA
A6: =F30 | B6: =F3 -> STEPS | D6: =IF($D$2=TRUE,CHITTAI!V4,"") | E6: =IF($E$2=TRUE,CASH!V4,"") | F6: =IF($F$2=TRUE,STEPS!V4,"") | G6: =IF($G$2=TRUE,COLLECTION!V4,"") -> VIJI-1 | H6: =IF($H$2=TRUE,'PATHIRAM,SL BOX'!V4,"") -> VISHNUPRIYA | I6: =IF($I$2=TRUE,PATHIRAM!V4,"") -> YAMUNA | J6: =IF($J$2=TRUE,SL!V4,"") -> KAVIYA | K6: =IF($K$2=TRUE,KOLUSU!V4,"") -> BHARATHI | L6: =IF($L$2=TRUE,TEA!V4,"") -> BHARATHI | M6: =IF($M$2=TRUE,MET.MKT!V4,"") -> KAVIYA | N6: =IF($N$2=TRUE,'SIL.ARR (MOR&EVE)'!V4,"") -> SANTHIYA | O6: =IF($O$2=TRUE,CHAIN!V4,"") -> BHARATHI | P6: =IF($P$2=TRUE,'CHAIN ARR'!V4,"") -> SAHANA | Q6: =IF($Q$2=TRUE,'DROPS ARR'!V4,"") -> DEEPA | S6: =F30 | T6: =F3 -> STEPS | V6: =IF($V$2=TRUE,DROPS!V4,"") -> VIJI-1 | W6: =IF($W$2=TRUE,RING!V4,"") -> SUDHARSHINI | X6: =IF($X$2=TRUE,'EVENING CLEAN'!V4,"") -> SAHANA | Y6: =IF($Y$2=TRUE,'DUSTBIN CHECK'!V4,"") -> RAJI-2 | AA6: =D30 | AB6: =D29 -> CHITTAI | AD6: =IF($AD$2=TRUE,'DUSTBIN CLEAN'!V4,"") -> JEYANTHI | AE6: =IF($AE$2=TRUE,'TRAY ARR'!V4,"") -> RAJI-1 | AG6: =IF($AG$2=TRUE,'DOOR CLOSING'!V4,"") -> BALASUBRAMANI | AH6: =IF(WEEKDAY(TODAY()+1)=1, "PARIMANAM",'DOOR OPEN'!V4) -> KOLANCHIYAPPAN | AI6: =IF($AI$2=TRUE,'MOR CLEAN'!X4,'MOR CLEAN'!V4) -> VIJI-2 | AK6: =AI30 -> RANI | AL6: =AI3 -> MOR CLEAN | AN6: =IF($AN$2=TRUE,PURSE!X4,PURSE!V4) -> JEYANTHI | AO6: =IF($AO$2=TRUE,'MAADI CLEAN'!X4,'MAADI CLEAN'!V4) -> SAHANA | AP6: =IF($AP$2=TRUE,'FAN CLEAN'!X4,'FAN CLEAN'!V4) -> BHARATHI
A7: =G30 -> VIJI-2 | B7: =G3 -> COLLECTION | D7: =IF($D$2=TRUE,CHITTAI!V5,"") | E7: =IF($E$2=TRUE,CASH!V5,"") | F7: =IF($F$2=TRUE,STEPS!V5,"") | G7: =IF($G$2=TRUE,COLLECTION!V5,"") -> DEEPA | H7: =IF($H$2=TRUE,'PATHIRAM,SL BOX'!V5,"") -> RAJI-1 | I7: =IF($I$2=TRUE,PATHIRAM!V5,"") -> VIJI-2 | J7: =IF($J$2=TRUE,SL!V5,"") -> RAJI-2 | K7: =IF($K$2=TRUE,KOLUSU!V5,"") -> RAJI-1 | L7: =IF($L$2=TRUE,TEA!V5,"") -> PRIYANKA | M7: =IF($M$2=TRUE,MET.MKT!V5,"") -> CHINNAMMAL | N7: =IF($N$2=TRUE,'SIL.ARR (MOR&EVE)'!V5,"") -> SHANTHI | O7: =IF($O$2=TRUE,CHAIN!V5,"") -> SUDHARSHINI | P7: =IF($P$2=TRUE,'CHAIN ARR'!V5,"") -> VIDHYA | Q7: =IF($Q$2=TRUE,'DROPS ARR'!V5,"") -> VIJI-2 | S7: =L30 -> SANTHIYA | T7: =L3 -> TEA | V7: =IF($V$2=TRUE,DROPS!V5,"") -> BHARATHI | W7: =IF($W$2=TRUE,RING!V5,"") -> BHARATHI | X7: =IF($X$2=TRUE,'EVENING CLEAN'!V5,"") -> VIJI-1 | Y7: =IF($Y$2=TRUE,'DUSTBIN CHECK'!V5,"") -> MUTHUPRIYA | AA7: =E30 | AB7: =E29 -> CASHIER | AD7: =IF($AD$2=TRUE,'DUSTBIN CLEAN'!V5,"") -> RAJI-1 | AE7: =IF($AE$2=TRUE,'TRAY ARR'!V5,"") -> SUDHARSHINI | AG7: =IF($AG$2=TRUE,'DOOR CLOSING'!V5,"") -> PANDIKUMAR | AH7: =IF(WEEKDAY(TODAY()+1)=1, "PARIMANAM",'DOOR OPEN'!V5) -> PANDI-2 | AI7: =IF($AI$2=TRUE,'MOR CLEAN'!X5,'MOR CLEAN'!V5) -> BHARATHI | AK7: =AI31 -> VIJI-1 | AL7: =AI3 -> MOR CLEAN | AN7: =IF($AN$2=TRUE,PURSE!X5,PURSE!V5) -> NIVETHA | AO7: =IF($AO$2=TRUE,'MAADI CLEAN'!X5,'MAADI CLEAN'!V5) -> KAVIYA | AP7: =IF($AP$2=TRUE,'FAN CLEAN'!X5,'FAN CLEAN'!V5) -> RANI
A8: =H30 -> RAJI-2 | B8: =H3 -> PATHIRAM,SL BOX | D8: =IF($D$2=TRUE,CHITTAI!V6,"") | E8: =IF($E$2=TRUE,CASH!V6,"") | F8: =IF($F$2=TRUE,STEPS!V6,"") | G8: =IF($G$2=TRUE,COLLECTION!V6,"") -> DHANALAKSHMI | H8: =IF($H$2=TRUE,'PATHIRAM,SL BOX'!V6,"") -> YAMUNA | I8: =IF($I$2=TRUE,PATHIRAM!V6,"") -> RAJI-2 | J8: =IF($J$2=TRUE,SL!V6,"") -> VIJI-2 | K8: =IF($K$2=TRUE,KOLUSU!V6,"") -> JEYANTHI | L8: =IF($L$2=TRUE,TEA!V6,"") -> RANI | M8: =IF($M$2=TRUE,MET.MKT!V6,"") -> NIVETHA | N8: =IF($N$2=TRUE,'SIL.ARR (MOR&EVE)'!V6,"") -> KAVIYA | O8: =IF($O$2=TRUE,CHAIN!V6,"") -> NIVETHA | P8: =IF($P$2=TRUE,'CHAIN ARR'!V6,"") -> JEYANTHI | Q8: =IF($Q$2=TRUE,'DROPS ARR'!V6,"") -> VIJI-1 | S8: =L31 -> PRIYANKA | T8: =L3 -> TEA | V8: =IF($V$2=TRUE,DROPS!V6,"") -> RAJI-2 | W8: =IF($W$2=TRUE,RING!V6,"") -> DHANALAKSHMI | X8: =IF($X$2=TRUE,'EVENING CLEAN'!V6,"") -> BHARATHI | Y8: =IF($Y$2=TRUE,'DUSTBIN CHECK'!V6,"") -> SAHANA | AA8: =F30 | AB8: =F29 -> STEPS | AD8: =IF($AD$2=TRUE,'DUSTBIN CLEAN'!V6,"") -> RAJI-2 | AE8: =IF($AE$2=TRUE,'TRAY ARR'!V6,"") -> VIJI-2 | AG8: =IF($AG$2=TRUE,'DOOR CLOSING'!V6,"") -> SYED ABUTHAHIR | AH8: =IF(WEEKDAY(TODAY()+1)=1, "PARIMANAM",'DOOR OPEN'!V6) -> SAKTHIVEL 2 | AI8: =IF($AI$2=TRUE,'MOR CLEAN'!X6,'MOR CLEAN'!V6) -> SHANTHI | AK8: =AI32 -> VIJI-2 | AL8: =AI3 -> MOR CLEAN | AN8: =IF($AN$2=TRUE,PURSE!X6,PURSE!V6) -> RAJI-1 | AO8: =IF($AO$2=TRUE,'MAADI CLEAN'!X6,'MAADI CLEAN'!V6) -> RANI | AP8: =IF($AP$2=TRUE,'FAN CLEAN'!X6,'FAN CLEAN'!V6) -> NIVETHA
A9: =H31 -> VIJI-1 | B9: =H3 -> PATHIRAM,SL BOX | D9: =IF($D$2=TRUE,CHITTAI!V7,"") | E9: =IF($E$2=TRUE,CASH!V7,"") | F9: =IF($F$2=TRUE,STEPS!V7,"") | G9: =IF($G$2=TRUE,COLLECTION!V7,"") -> RAJI-1 | H9: =IF($H$2=TRUE,'PATHIRAM,SL BOX'!V7,"") -> CHINNAMMAL | I9: =IF($I$2=TRUE,PATHIRAM!V7,"") -> VIJI-1 | J9: =IF($J$2=TRUE,SL!V7,"") -> CHINNAMMAL | K9: =IF($K$2=TRUE,KOLUSU!V7,"") -> YAMUNA | L9: =IF($L$2=TRUE,TEA!V7,"") -> VIJI-2 | M9: =IF($M$2=TRUE,MET.MKT!V7,"") -> PRIYANKA | N9: =IF($N$2=TRUE,'SIL.ARR (MOR&EVE)'!V7,"") -> SUDHARSHINI | O9: =IF($O$2=TRUE,CHAIN!V7,"") -> DEEPA | P9: =IF($P$2=TRUE,'CHAIN ARR'!V7,"") -> SANTHIYA | Q9: =IF($Q$2=TRUE,'DROPS ARR'!V7,"") -> PRIYANKA | S9: =O30 -> NIVETHA | T9: =O3 -> CHAIN | V9: =IF($V$2=TRUE,DROPS!V7,"") -> DEEPA | W9: =IF($W$2=TRUE,RING!V7,"") -> YAMUNA | X9: =IF($X$2=TRUE,'EVENING CLEAN'!V7,"") -> SUDHARSHINI | Y9: =IF($Y$2=TRUE,'DUSTBIN CHECK'!V7,"") -> RANI | AA9: =P30 -> KAVIYA | AB9: =P3 -> CHAIN ARRANGE | AD9: =IF($AD$2=TRUE,'DUSTBIN CLEAN'!V7,"") -> VISHNUPRIYA | AE9: =IF($AE$2=TRUE,'TRAY ARR'!V7,"") -> YAMUNA | AK9: =AN30 -> CHINNAMMAL | AL9: =AN3 -> PURSE,BAG | AN9: =IF($AN$2=TRUE,PURSE!X7,PURSE!V7) -> VIJI-2 | AO9: =IF($AO$2=TRUE,'MAADI CLEAN'!X7,'MAADI CLEAN'!V7) -> VIJI-1 | AP9: =IF($AP$2=TRUE,'FAN CLEAN'!X7,'FAN CLEAN'!V7) -> PRIYANKA
A10: =I30 -> SAHANA | B10: =I3 -> PATHIRAM | D10: =IF($D$2=TRUE,CHITTAI!V8,"") | E10: =IF($E$2=TRUE,CASH!V8,"") | F10: =IF($F$2=TRUE,STEPS!V8,"") | G10: =IF($G$2=TRUE,COLLECTION!V8,"") | H10: =IF($H$2=TRUE,'PATHIRAM,SL BOX'!V8,"") -> SAHANA | I10: =IF($I$2=TRUE,PATHIRAM!V8,"") -> DEEPA | J10: =IF($J$2=TRUE,SL!V8,"") -> SHANTHI | K10: =IF($K$2=TRUE,KOLUSU!V8,"") -> MUTHUPRIYA | L10: =IF($L$2=TRUE,TEA!V8,"") -> VIJI-1 | M10: =IF($M$2=TRUE,MET.MKT!V8,"") -> YAMUNA | N10: =IF($N$2=TRUE,'SIL.ARR (MOR&EVE)'!V8,"") -> DEEPA | O10: =IF($O$2=TRUE,CHAIN!V8,"") -> SAHANA | P10: =IF($P$2=TRUE,'CHAIN ARR'!V8,"") -> SUDHARSHINI | Q10: =IF($Q$2=TRUE,'DROPS ARR'!V8,"") -> VISHNUPRIYA | S10: =V30 -> JEYANTHI | T10: =V3 -> DROPS | V10: =IF($V$2=TRUE,DROPS!V8,"") -> VISHNUPRIYA | W10: =IF($W$2=TRUE,RING!V8,"") -> VISHNUPRIYA | X10: =IF($X$2=TRUE,'EVENING CLEAN'!V8,"") -> RANI | Y10: =IF($Y$2=TRUE,'DUSTBIN CHECK'!V8,"") -> JEYANTHI | AA10: =Q30 -> SHANTHI | AB10: =Q3 -> DROPS ARRANGE | AD10: =IF($AD$2=TRUE,'DUSTBIN CLEAN'!V8,"") -> DEEPA | AE10: =IF($AE$2=TRUE,'TRAY ARR'!V8,"") -> VIJI-1 | AK10: =AN31 -> YAMUNA | AL10: =AN3 -> PURSE,BAG | AN10: =IF($AN$2=TRUE,PURSE!X8,PURSE!V8) -> DEEPA | AO10: =IF($AO$2=TRUE,'MAADI CLEAN'!X8,'MAADI CLEAN'!V8) -> CHINNAMMAL | AP10: =IF($AP$2=TRUE,'FAN CLEAN'!X8,'FAN CLEAN'!V8) -> VIDHYA
A11: =I31 -> VISHNUPRIYA | B11: =I3 -> PATHIRAM | D11: =IF($D$2=TRUE,CHITTAI!V9,"") | E11: =IF($E$2=TRUE,CASH!V9,"") | F11: =IF($F$2=TRUE,STEPS!V9,"") | G11: =IF($G$2=TRUE,COLLECTION!V9,"") | H11: =IF($H$2=TRUE,'PATHIRAM,SL BOX'!V9,"") -> SUDHARSHINI | I11: =IF($I$2=TRUE,PATHIRAM!V9,"") -> KAVIYA | J11: =IF($J$2=TRUE,SL!V9,"") -> NIVETHA | K11: =IF($K$2=TRUE,KOLUSU!V9,"") -> SAHANA | L11: =IF($L$2=TRUE,TEA!V9,"") -> DHANALAKSHMI | M11: =IF($M$2=TRUE,MET.MKT!V9,"") -> RAJI-1 | N11: =IF($N$2=TRUE,'SIL.ARR (MOR&EVE)'!V9,"") -> PRIYANKA | O11: =IF($O$2=TRUE,CHAIN!V9,"") -> DHANALAKSHMI | P11: =IF($P$2=TRUE,'CHAIN ARR'!V9,"") -> DEEPA | Q11: =IF($Q$2=TRUE,'DROPS ARR'!V9,"") -> KAVIYA | S11: =W30 -> CHINNAMMAL | T11: =W3 -> RING | V11: =IF($V$2=TRUE,DROPS!V9,"") -> DHANALAKSHMI | W11: =IF($W$2=TRUE,RING!V9,"") -> VIJI-1 | X11: =IF($X$2=TRUE,'EVENING CLEAN'!V9,"") -> NIVETHA | Y11: =IF($Y$2=TRUE,'DUSTBIN CHECK'!V9,"") -> YAMUNA | AA11: =Q31 -> VIJI-2 | AB11: =Q3 -> DROPS ARRANGE | AD11: =IF($AD$2=TRUE,'DUSTBIN CLEAN'!V9,"") -> CHINNAMMAL | AE11: =IF($AE$2=TRUE,'TRAY ARR'!V9,"") -> VISHNUPRIYA | AK11: =AO30 -> VIDHYA | AL11: =AO3 -> MAADI CLEAN | AN11: =IF($AN$2=TRUE,PURSE!X9,PURSE!V9) -> MUTHUPRIYA | AO11: =IF($AO$2=TRUE,'MAADI CLEAN'!X9,'MAADI CLEAN'!V9) -> JEYANTHI | AP11: =IF($AP$2=TRUE,'FAN CLEAN'!X9,'FAN CLEAN'!V9) -> DEEPA
A12: =J30 -> SUDHARSHINI | B12: =J3 -> SL | D12: =IF($D$2=TRUE,CHITTAI!V10,"") | E12: =IF($E$2=TRUE,CASH!V10,"") | F12: =IF($F$2=TRUE,STEPS!V10,"") | G12: =IF($G$2=TRUE,COLLECTION!V10,"") | H12: =IF($H$2=TRUE,'PATHIRAM,SL BOX'!V10,"") -> JEYANTHI | I12: =IF($I$2=TRUE,PATHIRAM!V10,"") -> MUTHUPRIYA | J12: =IF($J$2=TRUE,SL!V10,"") -> RAJI-1 | K12: =IF($K$2=TRUE,KOLUSU!V10,"") -> SANTHIYA | L12: =IF($L$2=TRUE,TEA!V10,"") -> NIVETHA | M12: =IF($M$2=TRUE,MET.MKT!V10,"") -> SHANTHI | N12: =IF($N$2=TRUE,'SIL.ARR (MOR&EVE)'!V10,"") -> RANI | O12: =IF($O$2=TRUE,CHAIN!V10,"") -> YAMUNA | P12: =IF($P$2=TRUE,'CHAIN ARR'!V10,"") -> PRIYANKA | Q12: =IF($Q$2=TRUE,'DROPS ARR'!V10,"") -> RAJI-1 | S12: =X30 -> RAJI-1 | T12: =X3 -> EVENING CLEANING | V12: =IF($V$2=TRUE,DROPS!V10,"") -> SUDHARSHINI | W12: =IF($W$2=TRUE,RING!V10,"") -> DEEPA | X12: =IF($X$2=TRUE,'EVENING CLEAN'!V10,"") -> CHINNAMMAL | Y12: =IF($Y$2=TRUE,'DUSTBIN CHECK'!V10,"") -> KAVIYA | AA12: =AD30 -> SANTHIYA | AB12: =AD3 -> DUSTBIN CLEAN | AD12: =IF($AD$2=TRUE,'DUSTBIN CLEAN'!V10,"") -> SUDHARSHINI | AE12: =IF($AE$2=TRUE,'TRAY ARR'!V10,"") -> DHANALAKSHMI | AK12: =AO31 -> RAJI-1 | AL12: =AO3 -> MAADI CLEAN | AN12: =IF($AN$2=TRUE,PURSE!X10,PURSE!V10) -> SANTHIYA | AO12: =IF($AO$2=TRUE,'MAADI CLEAN'!X10,'MAADI CLEAN'!V10) -> PANJU | AP12: =IF($AP$2=TRUE,'FAN CLEAN'!X10,'FAN CLEAN'!V10) -> PANJU
A13: =J31 -> VIDHYA | B13: =J3 -> SL | D13: =IF($D$2=TRUE,CHITTAI!V11,"") | E13: =IF($E$2=TRUE,CASH!V11,"") | F13: =IF($F$2=TRUE,STEPS!V11,"") | G13: =IF($G$2=TRUE,COLLECTION!V11,"") | H13: =IF($H$2=TRUE,'PATHIRAM,SL BOX'!V11,"") -> KAVIYA | I13: =IF($I$2=TRUE,PATHIRAM!V11,"") -> SANTHIYA | J13: =IF($J$2=TRUE,SL!V11,"") -> BHARATHI | K13: =IF($K$2=TRUE,KOLUSU!V11,"") -> DHANALAKSHMI | L13: =IF($L$2=TRUE,TEA!V11,"") -> MUTHUPRIYA | M13: =IF($M$2=TRUE,MET.MKT!V11,"") -> SANTHIYA | N13: =IF($N$2=TRUE,'SIL.ARR (MOR&EVE)'!V11,"") -> VIJI-1 | O13: =IF($O$2=TRUE,CHAIN!V11,"") -> VISHNUPRIYA | P13: =IF($P$2=TRUE,'CHAIN ARR'!V11,"") -> VIJI-2 | Q13: =IF($Q$2=TRUE,'DROPS ARR'!V11,"") -> JEYANTHI | S13: =Y30 -> VIJI-2 | T13: =Y3 -> DUSTBIN CHECK | V13: =IF($V$2=TRUE,DROPS!V11,"") -> MUTHUPRIYA | W13: =IF($W$2=TRUE,RING!V11,"") -> NIVETHA | X13: =IF($X$2=TRUE,'EVENING CLEAN'!V11,"") -> MUTHUPRIYA | Y13: =IF($Y$2=TRUE,'DUSTBIN CHECK'!V11,"") -> VISHNUPRIYA | AA13: =AD31 -> JEYANTHI | AB13: =AD3 -> DUSTBIN CLEAN | AD13: =IF($AD$2=TRUE,'DUSTBIN CLEAN'!V11,"") -> PANJU | AE13: =IF($AE$2=TRUE,'TRAY ARR'!V11,"") -> SHANTHI | AK13: =AO32 -> SAHANA | AL13: =AO3 -> MAADI CLEAN | AN13: =IF($AN$2=TRUE,PURSE!X11,PURSE!V11) -> RAJI-2 | AO13: =IF($AO$2=TRUE,'MAADI CLEAN'!X11,'MAADI CLEAN'!V11) -> DEEPA | AP13: =IF($AP$2=TRUE,'FAN CLEAN'!X11,'FAN CLEAN'!V11) -> KAVIYA
A14: =K30 -> DEEPA | B14: =K3 -> KOLUSU | D14: =IF($D$2=TRUE,CHITTAI!V12,"") | E14: =IF($E$2=TRUE,CASH!V12,"") | F14: =IF($F$2=TRUE,STEPS!V12,"") | G14: =IF($G$2=TRUE,COLLECTION!V12,"") | H14: =IF($H$2=TRUE,'PATHIRAM,SL BOX'!V12,"") -> MUTHUPRIYA | I14: =IF($I$2=TRUE,PATHIRAM!V12,"") -> NIVETHA | J14: =IF($J$2=TRUE,SL!V12,"") -> YAMUNA | K14: =IF($K$2=TRUE,KOLUSU!V12,"") -> VIDHYA | L14: =IF($L$2=TRUE,TEA!V12,"") -> PANJU | M14: =IF($M$2=TRUE,MET.MKT!V12,"") -> VISHNUPRIYA | N14: =IF($N$2=TRUE,'SIL.ARR (MOR&EVE)'!V12,"") -> RAJI-1 | O14: =IF($O$2=TRUE,CHAIN!V12,"") -> VIJI-2 | P14: =IF($P$2=TRUE,'CHAIN ARR'!V12,"") -> RAJI-1 | Q14: =IF($Q$2=TRUE,'DROPS ARR'!V12,"") -> VIDHYA | S14: =Y31 -> BHARATHI | T14: =Y3 -> DUSTBIN CHECK | V14: =IF($V$2=TRUE,DROPS!V12,"") -> SAHANA | W14: =IF($W$2=TRUE,RING!V12,"") -> MUTHUPRIYA | X14: =IF($X$2=TRUE,'EVENING CLEAN'!V12,"") -> RAJI-2 | Y14: =IF($Y$2=TRUE,'DUSTBIN CHECK'!V12,"") -> PANJU | AD14: =IF($AD$2=TRUE,'DUSTBIN CLEAN'!V12,"") -> SHANTHI | AE14: =IF($AE$2=TRUE,'TRAY ARR'!V12,"") -> JEYANTHI | AK14: =AO33 -> KAVIYA | AL14: =AO3 -> MAADI CLEAN | AN14: =IF($AN$2=TRUE,PURSE!X12,PURSE!V12) -> KAVIYA | AO14: =IF($AO$2=TRUE,'MAADI CLEAN'!X12,'MAADI CLEAN'!V12) -> DHANALAKSHMI | AP14: =IF($AP$2=TRUE,'FAN CLEAN'!X12,'FAN CLEAN'!V12) -> YAMUNA
A15: =K31 -> BHARATHI | B15: =K3 -> KOLUSU | D15: =IF($D$2=TRUE,CHITTAI!V13,"") | E15: =IF($E$2=TRUE,CASH!V13,"") | F15: =IF($F$2=TRUE,STEPS!V14,"") | G15: =IF($G$2=TRUE,COLLECTION!V13,"") | H15: =IF($H$2=TRUE,'PATHIRAM,SL BOX'!V13,"") -> RANI | I15: =IF($I$2=TRUE,PATHIRAM!V13,"") -> PRIYANKA | J15: =IF($J$2=TRUE,SL!V13,"") -> DHANALAKSHMI | K15: =IF($K$2=TRUE,KOLUSU!V13,"") -> VIJI-1 | L15: =IF($L$2=TRUE,TEA!V13,"") -> SHANTHI | M15: =IF($M$2=TRUE,MET.MKT!V13,"") -> DEEPA | N15: =IF($N$2=TRUE,'SIL.ARR (MOR&EVE)'!V13,"") -> NIVETHA | O15: =IF($O$2=TRUE,CHAIN!V13,"") -> RAJI-1 | P15: =IF($P$2=TRUE,'CHAIN ARR'!V13,"") -> RAJI-2 | Q15: =IF($Q$2=TRUE,'DROPS ARR'!V13,"") -> SAHANA | V15: =IF($V$2=TRUE,DROPS!V13,"") -> NIVETHA | W15: =IF($W$2=TRUE,RING!V13,"") -> JEYANTHI | X15: =IF($X$2=TRUE,'EVENING CLEAN'!V13,"") -> VIJI-2 | Y15: =IF($Y$2=TRUE,'DUSTBIN CHECK'!V13,"") -> VIJI-1 | AD15: =IF($AD$2=TRUE,'DUSTBIN CLEAN'!V13,"") -> KAVIYA | AE15: =IF($AE$2=TRUE,'TRAY ARR'!V13,"") -> SANTHIYA | AN15: =IF($AN$2=TRUE,PURSE!X13,PURSE!V13) -> SHANTHI | AO15: =IF($AO$2=TRUE,'MAADI CLEAN'!X13,'MAADI CLEAN'!V13) -> RAJI-2 | AP15: =IF($AP$2=TRUE,'FAN CLEAN'!X13,'FAN CLEAN'!V13) -> RAJI-1
A16: =K32 -> RAJI-1 | B16: =K3 -> KOLUSU | D16: =IF($D$2=TRUE,CHITTAI!V14,"") | E16: =IF($E$2=TRUE,CASH!V14,"") | F16: =IF($F$2=TRUE,#REF!,"") | G16: =IF($G$2=TRUE,COLLECTION!V14,"") | H16: =IF($H$2=TRUE,'PATHIRAM,SL BOX'!V14,"") -> SANTHIYA | I16: =IF($I$2=TRUE,PATHIRAM!V14,"") -> DHANALAKSHMI | J16: =IF($J$2=TRUE,SL!V14,"") -> MUTHUPRIYA | K16: =IF($K$2=TRUE,KOLUSU!V14,"") -> PRIYANKA | L16: =IF($L$2=TRUE,TEA!V14,"") -> VIDHYA | M16: =IF($M$2=TRUE,MET.MKT!V14,"") -> VIDHYA | N16: =IF($N$2=TRUE,'SIL.ARR (MOR&EVE)'!V14,"") -> PANJU | O16: =IF($O$2=TRUE,CHAIN!V14,"") -> VIDHYA | P16: =IF($P$2=TRUE,'CHAIN ARR'!V14,"") -> CHINNAMMAL | Q16: =IF($Q$2=TRUE,'DROPS ARR'!V14,"") -> NIVETHA | V16: =IF($V$2=TRUE,DROPS!V14,"") -> CHINNAMMAL | W16: =IF($W$2=TRUE,RING!V14,"") -> RAJI-1 | X16: =IF($X$2=TRUE,'EVENING CLEAN'!V14,"") -> JEYANTHI | Y16: =IF($Y$2=TRUE,'DUSTBIN CHECK'!V14,"") -> DHANALAKSHMI | AD16: =IF($AD$2=TRUE,'DUSTBIN CLEAN'!V14,"") -> YAMUNA | AE16: =IF($AE$2=TRUE,'TRAY ARR'!V14,"") -> PRIYANKA | AN16: =IF($AN$2=TRUE,PURSE!X14,PURSE!V14) -> PRIYANKA | AO16: =IF($AO$2=TRUE,'MAADI CLEAN'!X14,'MAADI CLEAN'!V14) -> SUDHARSHINI | AP16: =IF($AP$2=TRUE,'FAN CLEAN'!X14,'FAN CLEAN'!V14) -> SANTHIYA
A17: =K33 -> JEYANTHI | B17: =K3 -> KOLUSU | D17: =IF($D$2=TRUE,CHITTAI!V15,"") | E17: =IF($E$2=TRUE,CASH!V15,"") | F17: =IF($F$2=TRUE,STEPS!V15,"") | G17: =IF($G$2=TRUE,COLLECTION!V15,"") | H17: =IF($H$2=TRUE,'PATHIRAM,SL BOX'!V15,"") -> SHANTHI | I17: =IF($I$2=TRUE,PATHIRAM!V15,"") -> JEYANTHI | J17: =IF($J$2=TRUE,SL!V15,"") -> SANTHIYA | K17: =IF($K$2=TRUE,KOLUSU!V15,"") -> RAJI-2 | L17: =IF($L$2=TRUE,TEA!V15,"") -> SAHANA | M17: =IF($M$2=TRUE,MET.MKT!V15,"") -> MUTHUPRIYA | N17: =IF($N$2=TRUE,'SIL.ARR (MOR&EVE)'!V15,"") -> BHARATHI | O17: =IF($O$2=TRUE,CHAIN!V15,"") -> VIJI-1 | P17: =IF($P$2=TRUE,'CHAIN ARR'!V15,"") -> DHANALAKSHMI | Q17: =IF($Q$2=TRUE,'DROPS ARR'!V15,"") -> SANTHIYA | V17: =IF($V$2=TRUE,DROPS!V15,"") -> VIDHYA | W17: =IF($W$2=TRUE,RING!V15,"") -> SAHANA | X17: =IF($X$2=TRUE,'EVENING CLEAN'!V15,"") -> PANJU | Y17: =IF($Y$2=TRUE,'DUSTBIN CHECK'!V15,"") -> SHANTHI | AD17: =IF($AD$2=TRUE,'DUSTBIN CLEAN'!V15,"") -> RANI | AE17: =IF($AE$2=TRUE,'TRAY ARR'!V15,"") -> VIDHYA | AN17: =IF($AN$2=TRUE,PURSE!X15,PURSE!V15) -> RANI | AO17: =IF($AO$2=TRUE,'MAADI CLEAN'!X15,'MAADI CLEAN'!V15) -> MUTHUPRIYA | AP17: =IF($AP$2=TRUE,'FAN CLEAN'!X15,'FAN CLEAN'!V15) -> SAHANA
A18: =L30 -> SANTHIYA | B18: =L3 -> TEA | D18: =IF($D$2=TRUE,CHITTAI!V16,"") | E18: =IF($E$2=TRUE,CASH!V16,"") | F18: =IF($F$2=TRUE,STEPS!V16,"") | G18: =IF($G$2=TRUE,COLLECTION!V16,"") | H18: =IF($H$2=TRUE,'PATHIRAM,SL BOX'!V16,"") -> DEEPA | I18: =IF($I$2=TRUE,PATHIRAM!V16,"") -> RAJI-1 | J18: =IF($J$2=TRUE,SL!V16,"") -> PRIYANKA | K18: =IF($K$2=TRUE,KOLUSU!V16,"") -> SHANTHI | L18: =IF($L$2=TRUE,TEA!V16,"") -> VISHNUPRIYA | M18: =IF($M$2=TRUE,MET.MKT!V16,"") -> VIJI-1 | N18: =IF($N$2=TRUE,'SIL.ARR (MOR&EVE)'!V16,"") -> VIDHYA | O18: =IF($O$2=TRUE,CHAIN!V16,"") -> MUTHUPRIYA | P18: =IF($P$2=TRUE,'CHAIN ARR'!V16,"") -> BHARATHI | Q18: =IF($Q$2=TRUE,'DROPS ARR'!V16,"") -> DHANALAKSHMI | V18: =IF($V$2=TRUE,DROPS!V16,"") -> RAJI-1 | W18: =IF($W$2=TRUE,RING!V16,"") -> VIJI-2 | X18: =IF($X$2=TRUE,'EVENING CLEAN'!V16,"") -> VISHNUPRIYA | Y18: =IF($Y$2=TRUE,'DUSTBIN CHECK'!V16,"") -> CHINNAMMAL | AD18: =IF($AD$2=TRUE,'DUSTBIN CLEAN'!V16,"") -> VIDHYA | AE18: =IF($AE$2=TRUE,'TRAY ARR'!V16,"") -> BHARATHI | AN18: =IF($AN$2=TRUE,PURSE!X16,PURSE!V16) -> SUDHARSHINI | AO18: =IF($AO$2=TRUE,'MAADI CLEAN'!X16,'MAADI CLEAN'!V16) -> SANTHIYA | AP18: =IF($AP$2=TRUE,'FAN CLEAN'!X16,'FAN CLEAN'!V16) -> CHINNAMMAL
A19: =L31 -> PRIYANKA | B19: =L3 -> TEA | D19: =IF($D$2=TRUE,CHITTAI!V17,"") | E19: =IF($E$2=TRUE,CASH!V17,"") | F19: =IF($F$2=TRUE,STEPS!V17,"") | G19: =IF($G$2=TRUE,COLLECTION!V17,"") | H19: =IF($H$2=TRUE,'PATHIRAM,SL BOX'!V17,"") | I19: =IF($I$2=TRUE,PATHIRAM!V17,"") | J19: =IF($J$2=TRUE,SL!V17,"") | K19: =IF($K$2=TRUE,KOLUSU!V17,"") | L19: =IF($L$2=TRUE,TEA!V17,"") | M19: =IF($M$2=TRUE,MET.MKT!V17,"") | N19: =IF($N$2=TRUE,'SIL.ARR (MOR&EVE)'!V17,"") | O19: =IF($O$2=TRUE,CHAIN!V17,"") | P19: =IF($P$2=TRUE,'CHAIN ARR'!V17,"") -> SHANTHI | Q19: =IF($Q$2=TRUE,'DROPS ARR'!V17,"") | V19: =IF($V$2=TRUE,DROPS!V17,"") | W19: =IF($W$2=TRUE,RING!V17,"") | X19: =IF($X$2=TRUE,'EVENING CLEAN'!V17,"") | Y19: =IF($Y$2=TRUE,'DUSTBIN CHECK'!V17,"") | AD19: =IF($AD$2=TRUE,'DUSTBIN CLEAN'!V17,"") | AE19: =IF($AE$2=TRUE,'TRAY ARR'!V17,"") | AN19: =IF($AN$2=TRUE,PURSE!X17,PURSE!V17) | AO19: =IF($AO$2=TRUE,'MAADI CLEAN'!X17,'MAADI CLEAN'!V17) | AP19: =IF($AP$2=TRUE,'FAN CLEAN'!X17,'FAN CLEAN'!V17)
A20: =M30 -> DHANALAKSHMI | B20: =M3 -> MET.MKT | D20: =IF($D$2=TRUE,CHITTAI!V18,"") | E20: =IF($E$2=TRUE,CASH!V18,"") | F20: =IF($F$2=TRUE,STEPS!V18,"") | G20: =IF($G$2=TRUE,COLLECTION!V18,"") | H20: =IF($H$2=TRUE,'PATHIRAM,SL BOX'!V18,"") | I20: =IF($I$2=TRUE,PATHIRAM!V18,"") | J20: =IF($J$2=TRUE,SL!V18,"") | K20: =IF($K$2=TRUE,KOLUSU!V18,"") | L20: =IF($L$2=TRUE,TEA!V18,"") | M20: =IF($M$2=TRUE,MET.MKT!V18,"") | N20: =IF($N$2=TRUE,'SIL.ARR (MOR&EVE)'!V18,"") | O20: =IF($O$2=TRUE,CHAIN!V18,"") | P20: =IF($P$2=TRUE,'CHAIN ARR'!V18,"") -> NIVETHA | Q20: =IF($Q$2=TRUE,'DROPS ARR'!V18,"") | V20: =IF($V$2=TRUE,DROPS!V18,"") | W20: =IF($W$2=TRUE,RING!V18,"") | X20: =IF($X$2=TRUE,'EVENING CLEAN'!V18,"") | Y20: =IF($Y$2=TRUE,'DUSTBIN CHECK'!V18,"") | AD20: =IF($AD$2=TRUE,'DUSTBIN CLEAN'!V18,"") | AE20: =IF($AE$2=TRUE,'TRAY ARR'!V18,"") | AN20: =IF($AN$2=TRUE,PURSE!X18,PURSE!V18) | AO20: =IF($AO$2=TRUE,'MAADI CLEAN'!X18,'MAADI CLEAN'!V18) | AP20: =IF($AP$2=TRUE,'FAN CLEAN'!X18,'FAN CLEAN'!V18)
A21: =N30 -> CHINNAMMAL | B21: =N3 -> SIL.ARR (MOR&EVE) | D21: =IF($D$2=TRUE,CHITTAI!V19,"") | E21: =IF($E$2=TRUE,CASH!V19,"") | F21: =IF($F$2=TRUE,STEPS!V19,"") | G21: =IF($G$2=TRUE,COLLECTION!V19,"") | H21: =IF($H$2=TRUE,'PATHIRAM,SL BOX'!V19,"") | I21: =IF($I$2=TRUE,PATHIRAM!V19,"") | J21: =IF($J$2=TRUE,SL!V19,"") | K21: =IF($K$2=TRUE,KOLUSU!V19,"") | L21: =IF($L$2=TRUE,TEA!V19,"") | M21: =IF($M$2=TRUE,MET.MKT!V19,"") | N21: =IF($N$2=TRUE,'SIL.ARR (MOR&EVE)'!V19,"") | O21: =IF($O$2=TRUE,CHAIN!V19,"") | P21: =IF($P$2=TRUE,'CHAIN ARR'!V19,"") -> VISHNUPRIYA | Q21: =IF($Q$2=TRUE,'DROPS ARR'!V19,"") | V21: =IF($V$2=TRUE,DROPS!V19,"") | W21: =IF($W$2=TRUE,RING!V19,"") | X21: =IF($X$2=TRUE,'EVENING CLEAN'!V19,"") | Y21: =IF($Y$2=TRUE,'DUSTBIN CHECK'!V19,"") | AD21: =IF($AD$2=TRUE,'DUSTBIN CLEAN'!V19,"") | AE21: =IF($AE$2=TRUE,'TRAY ARR'!V19,"") | AN21: =IF($AN$2=TRUE,PURSE!X19,PURSE!V19) | AO21: =IF($AO$2=TRUE,'MAADI CLEAN'!X19,'MAADI CLEAN'!V19) | AP21: =IF($AP$2=TRUE,'FAN CLEAN'!X19,'FAN CLEAN'!V19)
A22: =N31 -> SHANTHI | B22: =N3 -> SIL.ARR (MOR&EVE) | D22: =IF($D$2=TRUE,CHITTAI!V20,"") | E22: =IF($E$2=TRUE,CASH!V20,"") | F22: =IF($F$2=TRUE,STEPS!V20,"") | G22: =IF($G$2=TRUE,COLLECTION!V20,"") | H22: =IF($H$2=TRUE,'PATHIRAM,SL BOX'!V20,"") | I22: =IF($I$2=TRUE,PATHIRAM!V20,"") | J22: =IF($J$2=TRUE,SL!V20,"") | K22: =IF($K$2=TRUE,KOLUSU!V20,"") | L22: =IF($L$2=TRUE,TEA!V20,"") | M22: =IF($M$2=TRUE,MET.MKT!V20,"") | N22: =IF($N$2=TRUE,'SIL.ARR (MOR&EVE)'!V20,"") | O22: =IF($O$2=TRUE,CHAIN!V20,"") | P22: =IF($P$2=TRUE,'CHAIN ARR'!V20,"") -> VIJI-1 | Q22: =IF($Q$2=TRUE,'DROPS ARR'!V20,"") | V22: =IF($V$2=TRUE,DROPS!V20,"") | W22: =IF($W$2=TRUE,RING!V20,"") | X22: =IF($X$2=TRUE,'EVENING CLEAN'!V20,"") | Y22: =IF($Y$2=TRUE,'DUSTBIN CHECK'!V20,"") | AD22: =IF($AD$2=TRUE,'DUSTBIN CLEAN'!V20,"") | AE22: =IF($AE$2=TRUE,'TRAY ARR'!V20,"") | AN22: =IF($AN$2=TRUE,PURSE!X20,PURSE!V20) | AO22: =IF($AO$2=TRUE,'MAADI CLEAN'!X20,'MAADI CLEAN'!V20) | AP22: =IF($AP$2=TRUE,'FAN CLEAN'!X20,'FAN CLEAN'!V20)
A23: =O30 -> NIVETHA | B23: =O3 -> CHAIN | D23: =IF($D$2=TRUE,CHITTAI!V21,"") | E23: =IF($E$2=TRUE,CASH!V21,"") | F23: =IF($F$2=TRUE,STEPS!V21,"") | G23: =IF($G$2=TRUE,COLLECTION!V21,"") | H23: =IF($H$2=TRUE,'PATHIRAM,SL BOX'!V21,"") | I23: =IF($I$2=TRUE,PATHIRAM!V21,"") | J23: =IF($J$2=TRUE,SL!V21,"") | K23: =IF($K$2=TRUE,KOLUSU!V21,"") | L23: =IF($L$2=TRUE,TEA!V21,"") | M23: =IF($M$2=TRUE,MET.MKT!V21,"") | N23: =IF($N$2=TRUE,'SIL.ARR (MOR&EVE)'!V21,"") | O23: =IF($O$2=TRUE,CHAIN!V21,"") | P23: =IF($P$2=TRUE,'CHAIN ARR'!V21,"") | Q23: =IF($Q$2=TRUE,'DROPS ARR'!V21,"") | V23: =IF($V$2=TRUE,DROPS!V21,"") | W23: =IF($W$2=TRUE,RING!V21,"") | X23: =IF($X$2=TRUE,'EVENING CLEAN'!V21,"") | Y23: =IF($Y$2=TRUE,'DUSTBIN CHECK'!V21,"") | AD23: =IF($AD$2=TRUE,'DUSTBIN CLEAN'!V21,"") | AE23: =IF($AE$2=TRUE,'TRAY ARR'!V21,"") | AN23: =IF($AN$2=TRUE,PURSE!X21,PURSE!V21) | AO23: =IF($AO$2=TRUE,'MAADI CLEAN'!X21,'MAADI CLEAN'!V21) | AP23: =IF($AP$2=TRUE,'FAN CLEAN'!X21,'FAN CLEAN'!V21)
A24: =P30 -> KAVIYA | B24: =P3 -> CHAIN ARRANGE | D24: =IF($D$2=TRUE,CHITTAI!V22,"") | E24: =IF($E$2=TRUE,CASH!V22,"") | F24: =IF($F$2=TRUE,STEPS!V22,"") | G24: =IF($G$2=TRUE,COLLECTION!V22,"") | H24: =IF($H$2=TRUE,'PATHIRAM,SL BOX'!V22,"") | I24: =IF($I$2=TRUE,PATHIRAM!V22,"") | J24: =IF($J$2=TRUE,SL!V22,"") | K24: =IF($K$2=TRUE,KOLUSU!V22,"") | L24: =IF($L$2=TRUE,TEA!V22,"") | M24: =IF($M$2=TRUE,MET.MKT!V22,"") | N24: =IF($N$2=TRUE,'SIL.ARR (MOR&EVE)'!V22,"") | O24: =IF($O$2=TRUE,CHAIN!V22,"") | P24: =IF($P$2=TRUE,'CHAIN ARR'!V22,"") | Q24: =IF($Q$2=TRUE,'DROPS ARR'!V22,"") | V24: =IF($V$2=TRUE,DROPS!V22,"") | W24: =IF($W$2=TRUE,RING!V22,"") | X24: =IF($X$2=TRUE,'EVENING CLEAN'!V22,"") | Y24: =IF($Y$2=TRUE,'DUSTBIN CHECK'!V22,"") | AD24: =IF($AD$2=TRUE,'DUSTBIN CLEAN'!V22,"") | AE24: =IF($AE$2=TRUE,'TRAY ARR'!V22,"") | AN24: =IF($AN$2=TRUE,PURSE!X22,PURSE!V22) | AO24: =IF($AO$2=TRUE,'MAADI CLEAN'!X22,'MAADI CLEAN'!V22) | AP24: =IF($AP$2=TRUE,'FAN CLEAN'!X22,'FAN CLEAN'!V22)
D25: =IF($D$2=TRUE,CHITTAI!V23,"") | E25: =IF($E$2=TRUE,CASH!V23,"") | F25: =IF($F$2=TRUE,STEPS!V23,"") | G25: =IF($G$2=TRUE,COLLECTION!V23,"") | H25: =IF($H$2=TRUE,'PATHIRAM,SL BOX'!V23,"") | I25: =IF($I$2=TRUE,PATHIRAM!V23,"") | J25: =IF($J$2=TRUE,SL!V23,"") | K25: =IF($K$2=TRUE,KOLUSU!V23,"") | L25: =IF($L$2=TRUE,TEA!V23,"") | M25: =IF($M$2=TRUE,MET.MKT!V23,"") | N25: =IF($N$2=TRUE,'SIL.ARR (MOR&EVE)'!V23,"") | O25: =IF($O$2=TRUE,CHAIN!V23,"") | P25: =IF($P$2=TRUE,'CHAIN ARR'!V23,"") | Q25: =IF($Q$2=TRUE,'DROPS ARR'!V23,"") | V25: =IF($V$2=TRUE,DROPS!V23,"") | W25: =IF($W$2=TRUE,RING!V23,"") | X25: =IF($X$2=TRUE,'EVENING CLEAN'!V23,"") | Y25: =IF($Y$2=TRUE,'DUSTBIN CHECK'!V23,"") | AD25: =IF($AD$2=TRUE,'DUSTBIN CLEAN'!V23,"") | AE25: =IF($AE$2=TRUE,'TRAY ARR'!V23,"") | AN25: =IF($AN$2=TRUE,PURSE!X23,PURSE!V23) | AO25: =IF($AO$2=TRUE,'MAADI CLEAN'!X23,'MAADI CLEAN'!V23) | AP25: =IF($AP$2=TRUE,'FAN CLEAN'!X23,'FAN CLEAN'!V23)
D26: =IF($D$2=TRUE,CHITTAI!V24,"") | E26: =IF($E$2=TRUE,CASH!V24,"") | F26: =IF($F$2=TRUE,STEPS!V24,"") | G26: =IF($G$2=TRUE,COLLECTION!V24,"") | H26: =IF($H$2=TRUE,'PATHIRAM,SL BOX'!V24,"") | I26: =IF($I$2=TRUE,PATHIRAM!V24,"") | J26: =IF($J$2=TRUE,SL!V24,"") | K26: =IF($K$2=TRUE,KOLUSU!V24,"") | L26: =IF($L$2=TRUE,TEA!V24,"") | M26: =IF($M$2=TRUE,MET.MKT!V24,"") | N26: =IF($N$2=TRUE,'SIL.ARR (MOR&EVE)'!V24,"") | O26: =IF($O$2=TRUE,CHAIN!V24,"") | P26: =IF($P$2=TRUE,'CHAIN ARR'!V24,"") | Q26: =IF($Q$2=TRUE,'DROPS ARR'!V24,"") | V26: =IF($V$2=TRUE,DROPS!V24,"") | W26: =IF($W$2=TRUE,RING!V24,"") | X26: =IF($X$2=TRUE,'EVENING CLEAN'!V24,"") | Y26: =IF($Y$2=TRUE,'DUSTBIN CHECK'!V24,"") | AD26: =IF($AD$2=TRUE,'DUSTBIN CLEAN'!V24,"") | AE26: =IF($AE$2=TRUE,'TRAY ARR'!V24,"") | AN26: =IF($AN$2=TRUE,PURSE!X24,PURSE!V24) | AO26: =IF($AO$2=TRUE,'MAADI CLEAN'!X24,'MAADI CLEAN'!V24) | AP26: =IF($AP$2=TRUE,'FAN CLEAN'!X24,'FAN CLEAN'!V24)
D27: =IF($D$2=TRUE,CHITTAI!V25,"") | E27: =IF($E$2=TRUE,CASH!V25,"") | F27: =IF($F$2=TRUE,STEPS!V25,"") | G27: =IF($G$2=TRUE,COLLECTION!V25,"") | H27: =IF($H$2=TRUE,'PATHIRAM,SL BOX'!V25,"") | I27: =IF($I$2=TRUE,PATHIRAM!V25,"") | J27: =IF($J$2=TRUE,SL!V25,"") | K27: =IF($K$2=TRUE,KOLUSU!V25,"") | L27: =IF($L$2=TRUE,TEA!V25,"") | M27: =IF($M$2=TRUE,MET.MKT!V25,"") | N27: =IF($N$2=TRUE,'SIL.ARR (MOR&EVE)'!V25,"") | O27: =IF($O$2=TRUE,CHAIN!V25,"") | P27: =IF($P$2=TRUE,'CHAIN ARR'!V25,"") | Q27: =IF($Q$2=TRUE,'DROPS ARR'!V25,"") | V27: =IF($V$2=TRUE,DROPS!V25,"") | W27: =IF($W$2=TRUE,RING!V25,"") | X27: =IF($X$2=TRUE,'EVENING CLEAN'!V25,"") | Y27: =IF($Y$2=TRUE,'DUSTBIN CHECK'!V25,"") | AD27: =IF($AD$2=TRUE,'DUSTBIN CLEAN'!V25,"") | AE27: =IF($AE$2=TRUE,'TRAY ARR'!V25,"") | AN27: =IF($AN$2=TRUE,PURSE!X25,PURSE!V25) | AO27: =IF($AO$2=TRUE,'MAADI CLEAN'!X25,'MAADI CLEAN'!V25) | AP27: =IF($AP$2=TRUE,'FAN CLEAN'!X25,'FAN CLEAN'!V25)
D29: =D3 -> CHITTAI | E29: =E3 -> CASHIER | F29: STEPS | G29: =G3 -> COLLECTION | H29: =H3 -> PATHIRAM,SL BOX | I29: =I3 -> PATHIRAM | J29: =J3 -> SL | K29: =K3 -> KOLUSU | L29: =L3 -> TEA | M29: =M3 -> MET.MKT | N29: =N3 -> SIL.ARR (MOR&EVE) | ... Q29: =Q3 -> DROPS ARRANGE | V29: =V3 -> DROPS | W29: =W3 -> RING | X29: =X3 -> EVENING CLEANING | Y29: =Y3 -> DUSTBIN CHECK | AD29: =AD3 -> DUSTBIN CLEAN | AE29: =AE3 -> TRAY ARRANGE | AG29: =AG3 -> SHOP CLOSING | AH29: =AH3 -> SHOP OPEN | AI29: =AI3 -> MOR CLEAN | AN29: =AN3 -> PURSE,BAG | AO29: =AO3 -> MAADI CLEAN | AP29: =AP3 -> FAN CLEAN
D30: =D4 | E30: =IFERROR(__xludf.DUMMYFUNCTION("IF(E2=FALSE,"""", ARRAYFORMULA(IFERROR(SPLIT(FILTER(TRANSPOSE(QUERY(TRANSPOSE(UNIQUE(E4:E27)), ,999^99)),NOT(COUNTIF(TRANSPOSE(QUERY(TRANSPOSE(A4), ,999^99)),TRANSPOSE(QUERY(TRANSPOSE(UNIQUE(E4:E27)), , 999^99))))), "" ""))))"),"") | F30: =IFERROR(__xludf.DUMMYFUNCTION("IF(F2=FALSE,"""", ARRAYFORMULA(IFERROR(SPLIT(FILTER(TRANSPOSE(QUERY(TRANSPOSE(UNIQUE(F4:F27)), ,999^99)),NOT(COUNTIF(TRANSPOSE(QUERY(TRANSPOSE(A4:A5), ,999^99)),TRANSPOSE(QUERY(TRANSPOSE(UNIQUE(F4:F27)), , 999^99))))), "" ""))))"),"") | G30: =IFERROR(__xludf.DUMMYFUNCTION("IF(G2=FALSE,"""", ARRAYFORMULA(IFERROR(SPLIT(FILTER(TRANSPOSE(QUERY(TRANSPOSE(UNIQUE(G4:G27)), ,999^99)),NOT(COUNTIF(TRANSPOSE(QUERY(TRANSPOSE(A4:A6), ,999^99)),TRANSPOSE(QUERY(TRANSPOSE(UNIQUE(G4:G27)), , 999^99))))), "" ""))))"),"VIJI-2") -> VIJI-2 | H30: =IFERROR(__xludf.DUMMYFUNCTION("IF(H2=FALSE,"""", ARRAYFORMULA(IFERROR(SPLIT(FILTER(TRANSPOSE(QUERY(TRANSPOSE(UNIQUE(H4:H27)), ,999^99)),NOT(COUNTIF(TRANSPOSE(QUERY(TRANSPOSE(A7), ,999^99)),TRANSPOSE(QUERY(TRANSPOSE(UNIQUE(H4:H27)), , 999^99))))), "" ""))))"),"RAJI-2") -> RAJI-2 | I30: =IFERROR(__xludf.DUMMYFUNCTION("IF(I2=FALSE,"""", ARRAYFORMULA(IFERROR(SPLIT(FILTER(TRANSPOSE(QUERY(TRANSPOSE(UNIQUE(I4:I27)), ,999^99)),NOT(COUNTIF(TRANSPOSE(QUERY(TRANSPOSE(A4:A9), ,999^99)),TRANSPOSE(QUERY(TRANSPOSE(UNIQUE(I4:I27)), , 999^99))))), "" ""))))"),"SAHANA") -> SAHANA | J30: =IFERROR(__xludf.DUMMYFUNCTION("IF(J2=FALSE,"""", ARRAYFORMULA(IFERROR(SPLIT(FILTER(TRANSPOSE(QUERY(TRANSPOSE(UNIQUE($J$4:$J$27)), ,999^99)),NOT(COUNTIF(TRANSPOSE(QUERY(TRANSPOSE(A4:A11), ,999^99)),TRANSPOSE(QUERY(TRANSPOSE(UNIQUE(J4:J27)), , 999^99))))), "" ""))))"),"SUDHARSHINI") -> SUDHARSHINI | K30: =IFERROR(__xludf.DUMMYFUNCTION("IF(K2=FALSE,"""", ARRAYFORMULA(IFERROR(SPLIT(FILTER(TRANSPOSE(QUERY(TRANSPOSE(UNIQUE(K4:K27)), ,999^99)),NOT(COUNTIF(TRANSPOSE(QUERY(TRANSPOSE(A4:A13), ,999^99)),TRANSPOSE(QUERY(TRANSPOSE(UNIQUE(K4:K27)), , 999^99))))), "" ""))))"),"DEEPA") -> DEEPA | L30: =IFERROR(__xludf.DUMMYFUNCTION("IF(L2=FALSE,"""", ARRAYFORMULA(IFERROR(SPLIT(FILTER(TRANSPOSE(QUERY(TRANSPOSE(UNIQUE(L4:L27)), ,999^99)),NOT(COUNTIF(TRANSPOSE(QUERY(TRANSPOSE(A4:A17), ,999^99)),TRANSPOSE(QUERY(TRANSPOSE(UNIQUE(L4:L27)), , 999^99))))), "" ""))))"),"SANTHIYA") -> SANTHIYA | M30: =IFERROR(__xludf.DUMMYFUNCTION("IF(M2=FALSE,"""", ARRAYFORMULA(IFERROR(SPLIT(FILTER(TRANSPOSE(QUERY(TRANSPOSE(UNIQUE(M4:M27)), ,999^99)),NOT(COUNTIF(TRANSPOSE(QUERY(TRANSPOSE(A4:A19), ,999^99)),TRANSPOSE(QUERY(TRANSPOSE(UNIQUE(M4:M27)), , 999^99))))), "" ""))))"),"DHANALAKSHMI") -> DHANALAKSHMI | N30: =IFERROR(__xludf.DUMMYFUNCTION("IF(N2=FALSE,"""", ARRAYFORMULA(IFERROR(SPLIT(FILTER(TRANSPOSE(QUERY(TRANSPOSE(UNIQUE(N4:N27)), ,999^99)),NOT(COUNTIF(TRANSPOSE(QUERY(TRANSPOSE(A4:A20), ,999^99)),TRANSPOSE(QUERY(TRANSPOSE(UNIQUE(N4:N27)), , 999^99))))), "" ""))))"),"CHINNAMMAL") -> CHINNAMMAL | O30: =IFERROR(__xludf.DUMMYFUNCTION("IF(O2=FALSE,"""", ARRAYFORMULA(IFERROR(SPLIT(FILTER(TRANSPOSE(QUERY(TRANSPOSE(UNIQUE(O4:O27)), ,999^99)),NOT(COUNTIF(TRANSPOSE(QUERY(TRANSPOSE(A4:A22), ,999^99)),TRANSPOSE(QUERY(TRANSPOSE(UNIQUE(O4:O27)), , 999^99))))), "" ""))))"),"NIVETHA") -> NIVETHA | P30: =IFERROR(__xludf.DUMMYFUNCTION("IF(P2=FALSE,"""", ARRAYFORMULA(IFERROR(SPLIT(FILTER(TRANSPOSE(QUERY(TRANSPOSE(UNIQUE(P4:P27)), ,999^99)),NOT(COUNTIF(TRANSPOSE(QUERY(TRANSPOSE(A4:A23), ,999^99)),TRANSPOSE(QUERY(TRANSPOSE(UNIQUE(P4:P27)), , 999^99))))), "" ""))))"),"KAVIYA") -> KAVIYA | Q30: =IFERROR(__xludf.DUMMYFUNCTION("IF(Q2=FALSE,"""",ARRAYFORMULA(IFERROR(SPLIT(FILTER(TRANSPOSE(QUERY(TRANSPOSE(UNIQUE(Q4:Q27)),,999^99)),NOT(COUNTIF(TRANSPOSE(QUERY(TRANSPOSE(FILTER(A4:A24,(A4:A24<>A7)*(A4:A24<>A18)*(A4:A24<>A19)*(A4:A24<>A21)*(A4:A24<>A22)*(A4:A24<>A25))),,999^99)),TRANS"&"POSE(QUERY(TRANSPOSE(UNIQUE(Q4:Q27)),,999^99))))),"" ""))))"),"SHANTHI") -> SHANTHI | V30: =IFERROR(__xludf.DUMMYFUNCTION("IF(V2=FALSE,"""", ARRAYFORMULA(IFERROR(SPLIT(FILTER(TRANSPOSE(QUERY(TRANSPOSE(UNIQUE(V4:V27)), ,999^99)),NOT(COUNTIF(TRANSPOSE(QUERY(TRANSPOSE(S4:S9), ,999^99)),TRANSPOSE(QUERY(TRANSPOSE(UNIQUE(V4:V27)), , 999^99))))), "" ""))))"),"JEYANTHI") -> JEYANTHI | W30: =IFERROR(__xludf.DUMMYFUNCTION("IF(W2=FALSE,"""", ARRAYFORMULA(IFERROR(SPLIT(FILTER(TRANSPOSE(QUERY(TRANSPOSE(UNIQUE(W4:W27)), ,999^99)),NOT(COUNTIF(TRANSPOSE(QUERY(TRANSPOSE(S4:S10), ,999^99)),TRANSPOSE(QUERY(TRANSPOSE(UNIQUE(W4:W27)), , 999^99))))), "" ""))))"),"CHINNAMMAL") -> CHINNAMMAL | X30: =IFERROR(__xludf.DUMMYFUNCTION("IF(X2=FALSE,"""", ARRAYFORMULA(IFERROR(SPLIT(FILTER(TRANSPOSE(QUERY(TRANSPOSE(UNIQUE(X4:X27)), ,999^99)),NOT(COUNTIF(TRANSPOSE(QUERY(TRANSPOSE(S4:S11), ,999^99)),TRANSPOSE(QUERY(TRANSPOSE(UNIQUE(X4:X27)), , 999^99))))), "" ""))))"),"RAJI-1") -> RAJI-1 | Y30: =IFERROR(__xludf.DUMMYFUNCTION("IF(Y2=FALSE,"""", ARRAYFORMULA(IFERROR(SPLIT(FILTER(TRANSPOSE(QUERY(TRANSPOSE(UNIQUE(Y4:Y27)), ,999^99)),NOT(COUNTIF(TRANSPOSE(QUERY(TRANSPOSE(S4:S12), ,999^99)),TRANSPOSE(QUERY(TRANSPOSE(UNIQUE(Y4:Y27)), , 999^99))))), "" ""))))"),"VIJI-2") -> VIJI-2 | AD30: =IFERROR(__xludf.DUMMYFUNCTION("IF(AD2=FALSE,"""", ARRAYFORMULA(IFERROR(SPLIT(FILTER(TRANSPOSE(QUERY(TRANSPOSE(UNIQUE(AD4:AD27)), ,999^99)),NOT(COUNTIF(TRANSPOSE(QUERY(TRANSPOSE(AA4:AA8), ,999^99)),TRANSPOSE(QUERY(TRANSPOSE(UNIQUE(AD4:AD27)), , 999^99))))), "" ""))))"),"SANTHIYA") -> SANTHIYA | AE30: =IFERROR(__xludf.DUMMYFUNCTION("IF(AE2=FALSE,"""", ARRAYFORMULA(IFERROR(SPLIT(FILTER(TRANSPOSE(QUERY(TRANSPOSE(UNIQUE(AE4:AE27)), ,999^99)),NOT(COUNTIF(TRANSPOSE(QUERY(TRANSPOSE(AA6:AA13), ,999^99)),TRANSPOSE(QUERY(TRANSPOSE(UNIQUE(AE4:AE27)), , 999^99))))), "" ""))))"),"MUTHUPRIYA") -> MUTHUPRIYA | AG30: =AG4 -> SAKTHIVEL 2 | AH30: =AH4 -> MANIMARAN | AI30: =AI4 -> RANI | AN30: =IFERROR(__xludf.DUMMYFUNCTION("ARRAYFORMULA(IFERROR(SPLIT(FILTER(TRANSPOSE(QUERY(TRANSPOSE(UNIQUE(AN4:AN13)), ,999^99)),NOT(COUNTIF(TRANSPOSE(QUERY(TRANSPOSE($AK$3:$AK$5), ,999^99)),TRANSPOSE(QUERY(TRANSPOSE(UNIQUE(AN4:AN13)), , 999^99))))), "" "")))"),"CHINNAMMAL") -> CHINNAMMAL | AO30: =IFERROR(__xludf.DUMMYFUNCTION("ARRAYFORMULA(IFERROR(SPLIT(FILTER(TRANSPOSE(QUERY(TRANSPOSE(UNIQUE(AO4:AO15)), ,999^99)),NOT(COUNTIF(TRANSPOSE(QUERY(TRANSPOSE($AK$3:$AK$10), ,999^99)),TRANSPOSE(QUERY(TRANSPOSE(UNIQUE(AO4:AO15)), , 999^99))))), "" "")))"),"VIDHYA") -> VIDHYA | AP30: =IFERROR(__xludf.DUMMYFUNCTION("ARRAYFORMULA(IFERROR(SPLIT(FILTER(TRANSPOSE(QUERY(TRANSPOSE(UNIQUE(AP4:AP17)), ,999^99)),NOT(COUNTIF(TRANSPOSE(QUERY(TRANSPOSE($AK$3:$AK$14), ,999^99)),TRANSPOSE(QUERY(TRANSPOSE(UNIQUE(AP4:AP17)), , 999^99))))), "" "")))"),"SHANTHI") -> SHANTHI
G31: =IFERROR(__xludf.DUMMYFUNCTION("""COMPUTED_VALUE"""),"BHARATHI") -> BHARATHI | H31: =IFERROR(__xludf.DUMMYFUNCTION("""COMPUTED_VALUE"""),"VIJI-1") -> VIJI-1 | I31: =IFERROR(__xludf.DUMMYFUNCTION("""COMPUTED_VALUE"""),"VISHNUPRIYA") -> VISHNUPRIYA | J31: =IFERROR(__xludf.DUMMYFUNCTION("""COMPUTED_VALUE"""),"VIDHYA") -> VIDHYA | K31: =IFERROR(__xludf.DUMMYFUNCTION("""COMPUTED_VALUE"""),"BHARATHI") -> BHARATHI | L31: =IFERROR(__xludf.DUMMYFUNCTION("""COMPUTED_VALUE"""),"PRIYANKA") -> PRIYANKA | M31: =IFERROR(__xludf.DUMMYFUNCTION("""COMPUTED_VALUE"""),"KAVIYA") -> KAVIYA | N31: =IFERROR(__xludf.DUMMYFUNCTION("""COMPUTED_VALUE"""),"SHANTHI") -> SHANTHI | O31: =IFERROR(__xludf.DUMMYFUNCTION("""COMPUTED_VALUE"""),"YAMUNA") -> YAMUNA | P31: =IFERROR(__xludf.DUMMYFUNCTION("""COMPUTED_VALUE"""),"MUTHUPRIYA") -> MUTHUPRIYA | Q31: =IFERROR(__xludf.DUMMYFUNCTION("""COMPUTED_VALUE"""),"VIJI-2") -> VIJI-2 | V31: =IFERROR(__xludf.DUMMYFUNCTION("""COMPUTED_VALUE"""),"VIJI-2") -> VIJI-2 | W31: =IFERROR(__xludf.DUMMYFUNCTION("""COMPUTED_VALUE"""),"VIDHYA") -> VIDHYA | X31: =IFERROR(__xludf.DUMMYFUNCTION("""COMPUTED_VALUE"""),"SAHANA") -> SAHANA | Y31: =IFERROR(__xludf.DUMMYFUNCTION("""COMPUTED_VALUE"""),"BHARATHI") -> BHARATHI | AD31: =IFERROR(__xludf.DUMMYFUNCTION("""COMPUTED_VALUE"""),"JEYANTHI") -> JEYANTHI | AE31: =IFERROR(__xludf.DUMMYFUNCTION("""COMPUTED_VALUE"""),"RAJI-1") -> RAJI-1 | AG31: =AG5 -> ARULMURUGAN | AH31: =AH5 -> ARULMURUGAN | AI31: =AI5 -> VIJI-1 | AN31: =IFERROR(__xludf.DUMMYFUNCTION("""COMPUTED_VALUE"""),"YAMUNA") -> YAMUNA | AO31: =IFERROR(__xludf.DUMMYFUNCTION("""COMPUTED_VALUE"""),"RAJI-1") -> RAJI-1 | AP31: =IFERROR(__xludf.DUMMYFUNCTION("""COMPUTED_VALUE"""),"VISHNUPRIYA") -> VISHNUPRIYA
G32: =IFERROR(__xludf.DUMMYFUNCTION("""COMPUTED_VALUE"""),"VIJI-1") -> VIJI-1 | H32: =IFERROR(__xludf.DUMMYFUNCTION("""COMPUTED_VALUE"""),"VISHNUPRIYA") -> VISHNUPRIYA | I32: =IFERROR(__xludf.DUMMYFUNCTION("""COMPUTED_VALUE"""),"YAMUNA") -> YAMUNA | J32: =IFERROR(__xludf.DUMMYFUNCTION("""COMPUTED_VALUE"""),"KAVIYA") -> KAVIYA | K32: =IFERROR(__xludf.DUMMYFUNCTION("""COMPUTED_VALUE"""),"RAJI-1") -> RAJI-1 | L32: =IFERROR(__xludf.DUMMYFUNCTION("""COMPUTED_VALUE"""),"RANI") -> RANI | M32: =IFERROR(__xludf.DUMMYFUNCTION("""COMPUTED_VALUE"""),"CHINNAMMAL") -> CHINNAMMAL | N32: =IFERROR(__xludf.DUMMYFUNCTION("""COMPUTED_VALUE"""),"KAVIYA") -> KAVIYA | O32: =IFERROR(__xludf.DUMMYFUNCTION("""COMPUTED_VALUE"""),"MUTHUPRIYA") -> MUTHUPRIYA | Q32: =IFERROR(__xludf.DUMMYFUNCTION("""COMPUTED_VALUE"""),"PRIYANKA") -> PRIYANKA | V32: =IFERROR(__xludf.DUMMYFUNCTION("""COMPUTED_VALUE"""),"VIJI-1") -> VIJI-1 | W32: =IFERROR(__xludf.DUMMYFUNCTION("""COMPUTED_VALUE"""),"SUDHARSHINI") -> SUDHARSHINI | X32: =IFERROR(__xludf.DUMMYFUNCTION("""COMPUTED_VALUE"""),"VIJI-1") -> VIJI-1 | Y32: =IFERROR(__xludf.DUMMYFUNCTION("""COMPUTED_VALUE"""),"RAJI-2") -> RAJI-2 | AD32: =IFERROR(__xludf.DUMMYFUNCTION("""COMPUTED_VALUE"""),"RAJI-1") -> RAJI-1 | AE32: =IFERROR(__xludf.DUMMYFUNCTION("""COMPUTED_VALUE"""),"SUDHARSHINI") -> SUDHARSHINI | AI32: =AI6 -> VIJI-2 | AN32: =IFERROR(__xludf.DUMMYFUNCTION("""COMPUTED_VALUE"""),"JEYANTHI") -> JEYANTHI | AO32: =IFERROR(__xludf.DUMMYFUNCTION("""COMPUTED_VALUE"""),"SAHANA") -> SAHANA | AP32: =IFERROR(__xludf.DUMMYFUNCTION("""COMPUTED_VALUE"""),"BHARATHI") -> BHARATHI
G33: =IFERROR(__xludf.DUMMYFUNCTION("""COMPUTED_VALUE"""),"DEEPA") -> DEEPA | H33: =IFERROR(__xludf.DUMMYFUNCTION("""COMPUTED_VALUE"""),"RAJI-1") -> RAJI-1 | I33: =IFERROR(__xludf.DUMMYFUNCTION("""COMPUTED_VALUE"""),"DEEPA") -> DEEPA | J33: =IFERROR(__xludf.DUMMYFUNCTION("""COMPUTED_VALUE"""),"CHINNAMMAL") -> CHINNAMMAL | K33: =IFERROR(__xludf.DUMMYFUNCTION("""COMPUTED_VALUE"""),"JEYANTHI") -> JEYANTHI | L33: =IFERROR(__xludf.DUMMYFUNCTION("""COMPUTED_VALUE"""),"DHANALAKSHMI") -> DHANALAKSHMI | M33: =IFERROR(__xludf.DUMMYFUNCTION("""COMPUTED_VALUE"""),"NIVETHA") -> NIVETHA | N33: =IFERROR(__xludf.DUMMYFUNCTION("""COMPUTED_VALUE"""),"RANI") -> RANI | Q33: =IFERROR(__xludf.DUMMYFUNCTION("""COMPUTED_VALUE"""),"SANTHIYA") -> SANTHIYA | V33: =IFERROR(__xludf.DUMMYFUNCTION("""COMPUTED_VALUE"""),"BHARATHI") -> BHARATHI | W33: =IFERROR(__xludf.DUMMYFUNCTION("""COMPUTED_VALUE"""),"BHARATHI") -> BHARATHI | X33: =IFERROR(__xludf.DUMMYFUNCTION("""COMPUTED_VALUE"""),"BHARATHI") -> BHARATHI | Y33: =IFERROR(__xludf.DUMMYFUNCTION("""COMPUTED_VALUE"""),"MUTHUPRIYA") -> MUTHUPRIYA | AD33: =IFERROR(__xludf.DUMMYFUNCTION("""COMPUTED_VALUE"""),"RAJI-2") -> RAJI-2 | AE33: =IFERROR(__xludf.DUMMYFUNCTION("""COMPUTED_VALUE"""),"YAMUNA") -> YAMUNA | AI33: =AI7 -> BHARATHI | AN33: =IFERROR(__xludf.DUMMYFUNCTION("""COMPUTED_VALUE"""),"NIVETHA") -> NIVETHA | AO33: =IFERROR(__xludf.DUMMYFUNCTION("""COMPUTED_VALUE"""),"KAVIYA") -> KAVIYA | AP33: =IFERROR(__xludf.DUMMYFUNCTION("""COMPUTED_VALUE"""),"NIVETHA") -> NIVETHA
G34: =IFERROR(__xludf.DUMMYFUNCTION("""COMPUTED_VALUE"""),"DHANALAKSHMI") -> DHANALAKSHMI | H34: =IFERROR(__xludf.DUMMYFUNCTION("""COMPUTED_VALUE"""),"YAMUNA") -> YAMUNA | I34: =IFERROR(__xludf.DUMMYFUNCTION("""COMPUTED_VALUE"""),"KAVIYA") -> KAVIYA | J34: =IFERROR(__xludf.DUMMYFUNCTION("""COMPUTED_VALUE"""),"SHANTHI") -> SHANTHI | K34: =IFERROR(__xludf.DUMMYFUNCTION("""COMPUTED_VALUE"""),"YAMUNA") -> YAMUNA | L34: =IFERROR(__xludf.DUMMYFUNCTION("""COMPUTED_VALUE"""),"NIVETHA") -> NIVETHA | M34: =IFERROR(__xludf.DUMMYFUNCTION("""COMPUTED_VALUE"""),"YAMUNA") -> YAMUNA | N34: =IFERROR(__xludf.DUMMYFUNCTION("""COMPUTED_VALUE"""),"NIVETHA") -> NIVETHA | V34: =IFERROR(__xludf.DUMMYFUNCTION("""COMPUTED_VALUE"""),"RAJI-2") -> RAJI-2 | W34: =IFERROR(__xludf.DUMMYFUNCTION("""COMPUTED_VALUE"""),"DHANALAKSHMI") -> DHANALAKSHMI | X34: =IFERROR(__xludf.DUMMYFUNCTION("""COMPUTED_VALUE"""),"SUDHARSHINI") -> SUDHARSHINI | Y34: =IFERROR(__xludf.DUMMYFUNCTION("""COMPUTED_VALUE"""),"SAHANA") -> SAHANA | AD34: =IFERROR(__xludf.DUMMYFUNCTION("""COMPUTED_VALUE"""),"VISHNUPRIYA") -> VISHNUPRIYA | AE34: =IFERROR(__xludf.DUMMYFUNCTION("""COMPUTED_VALUE"""),"VIJI-1") -> VIJI-1 | AN34: =IFERROR(__xludf.DUMMYFUNCTION("""COMPUTED_VALUE"""),"RAJI-1") -> RAJI-1 | AO34: =IFERROR(__xludf.DUMMYFUNCTION("""COMPUTED_VALUE"""),"JEYANTHI") -> JEYANTHI | AP34: =IFERROR(__xludf.DUMMYFUNCTION("""COMPUTED_VALUE"""),"PRIYANKA") -> PRIYANKA
G35: =IFERROR(__xludf.DUMMYFUNCTION("""COMPUTED_VALUE"""),"RAJI-1") -> RAJI-1 | H35: =IFERROR(__xludf.DUMMYFUNCTION("""COMPUTED_VALUE"""),"CHINNAMMAL") -> CHINNAMMAL | I35: =IFERROR(__xludf.DUMMYFUNCTION("""COMPUTED_VALUE"""),"MUTHUPRIYA") -> MUTHUPRIYA | J35: =IFERROR(__xludf.DUMMYFUNCTION("""COMPUTED_VALUE"""),"NIVETHA") -> NIVETHA | K35: =IFERROR(__xludf.DUMMYFUNCTION("""COMPUTED_VALUE"""),"MUTHUPRIYA") -> MUTHUPRIYA | L35: =IFERROR(__xludf.DUMMYFUNCTION("""COMPUTED_VALUE"""),"MUTHUPRIYA") -> MUTHUPRIYA | M35: =IFERROR(__xludf.DUMMYFUNCTION("""COMPUTED_VALUE"""),"SHANTHI") -> SHANTHI | N35: =IFERROR(__xludf.DUMMYFUNCTION("""COMPUTED_VALUE"""),"PANJU") -> PANJU | V35: =IFERROR(__xludf.DUMMYFUNCTION("""COMPUTED_VALUE"""),"DEEPA") -> DEEPA | W35: =IFERROR(__xludf.DUMMYFUNCTION("""COMPUTED_VALUE"""),"YAMUNA") -> YAMUNA | X35: =IFERROR(__xludf.DUMMYFUNCTION("""COMPUTED_VALUE"""),"RANI") -> RANI | Y35: =IFERROR(__xludf.DUMMYFUNCTION("""COMPUTED_VALUE"""),"RANI") -> RANI | AD35: =IFERROR(__xludf.DUMMYFUNCTION("""COMPUTED_VALUE"""),"DEEPA") -> DEEPA | AE35: =IFERROR(__xludf.DUMMYFUNCTION("""COMPUTED_VALUE"""),"VISHNUPRIYA") -> VISHNUPRIYA | AN35: =IFERROR(__xludf.DUMMYFUNCTION("""COMPUTED_VALUE"""),"VIJI-2") -> VIJI-2 | AO35: =IFERROR(__xludf.DUMMYFUNCTION("""COMPUTED_VALUE"""),"PANJU") -> PANJU | AP35: =IFERROR(__xludf.DUMMYFUNCTION("""COMPUTED_VALUE"""),"DEEPA") -> DEEPA
H36: =IFERROR(__xludf.DUMMYFUNCTION("""COMPUTED_VALUE"""),"SAHANA") -> SAHANA | I36: =IFERROR(__xludf.DUMMYFUNCTION("""COMPUTED_VALUE"""),"SANTHIYA") -> SANTHIYA | J36: =IFERROR(__xludf.DUMMYFUNCTION("""COMPUTED_VALUE"""),"RAJI-1") -> RAJI-1 | K36: =IFERROR(__xludf.DUMMYFUNCTION("""COMPUTED_VALUE"""),"SANTHIYA") -> SANTHIYA | L36: =IFERROR(__xludf.DUMMYFUNCTION("""COMPUTED_VALUE"""),"PANJU") -> PANJU | M36: =IFERROR(__xludf.DUMMYFUNCTION("""COMPUTED_VALUE"""),"MUTHUPRIYA") -> MUTHUPRIYA | V36: =IFERROR(__xludf.DUMMYFUNCTION("""COMPUTED_VALUE"""),"VISHNUPRIYA") -> VISHNUPRIYA | W36: =IFERROR(__xludf.DUMMYFUNCTION("""COMPUTED_VALUE"""),"VISHNUPRIYA") -> VISHNUPRIYA | X36: =IFERROR(__xludf.DUMMYFUNCTION("""COMPUTED_VALUE"""),"MUTHUPRIYA") -> MUTHUPRIYA | Y36: =IFERROR(__xludf.DUMMYFUNCTION("""COMPUTED_VALUE"""),"YAMUNA") -> YAMUNA | AD36: =IFERROR(__xludf.DUMMYFUNCTION("""COMPUTED_VALUE"""),"CHINNAMMAL") -> CHINNAMMAL | AE36: =IFERROR(__xludf.DUMMYFUNCTION("""COMPUTED_VALUE"""),"DHANALAKSHMI") -> DHANALAKSHMI | AN36: =IFERROR(__xludf.DUMMYFUNCTION("""COMPUTED_VALUE"""),"DEEPA") -> DEEPA | AO36: =IFERROR(__xludf.DUMMYFUNCTION("""COMPUTED_VALUE"""),"DEEPA") -> DEEPA | AP36: =IFERROR(__xludf.DUMMYFUNCTION("""COMPUTED_VALUE"""),"PANJU") -> PANJU
H37: =IFERROR(__xludf.DUMMYFUNCTION("""COMPUTED_VALUE"""),"SUDHARSHINI") -> SUDHARSHINI | I37: =IFERROR(__xludf.DUMMYFUNCTION("""COMPUTED_VALUE"""),"NIVETHA") -> NIVETHA | J37: =IFERROR(__xludf.DUMMYFUNCTION("""COMPUTED_VALUE"""),"BHARATHI") -> BHARATHI | K37: =IFERROR(__xludf.DUMMYFUNCTION("""COMPUTED_VALUE"""),"DHANALAKSHMI") -> DHANALAKSHMI | L37: =IFERROR(__xludf.DUMMYFUNCTION("""COMPUTED_VALUE"""),"SHANTHI") -> SHANTHI | V37: =IFERROR(__xludf.DUMMYFUNCTION("""COMPUTED_VALUE"""),"DHANALAKSHMI") -> DHANALAKSHMI | W37: =IFERROR(__xludf.DUMMYFUNCTION("""COMPUTED_VALUE"""),"VIJI-1") -> VIJI-1 | X37: =IFERROR(__xludf.DUMMYFUNCTION("""COMPUTED_VALUE"""),"RAJI-2") -> RAJI-2 | Y37: =IFERROR(__xludf.DUMMYFUNCTION("""COMPUTED_VALUE"""),"KAVIYA") -> KAVIYA | AD37: =IFERROR(__xludf.DUMMYFUNCTION("""COMPUTED_VALUE"""),"SUDHARSHINI") -> SUDHARSHINI | AE37: =IFERROR(__xludf.DUMMYFUNCTION("""COMPUTED_VALUE"""),"PRIYANKA") -> PRIYANKA | AN37: =IFERROR(__xludf.DUMMYFUNCTION("""COMPUTED_VALUE"""),"MUTHUPRIYA") -> MUTHUPRIYA | AO37: =IFERROR(__xludf.DUMMYFUNCTION("""COMPUTED_VALUE"""),"DHANALAKSHMI") -> DHANALAKSHMI | AP37: =IFERROR(__xludf.DUMMYFUNCTION("""COMPUTED_VALUE"""),"SANTHIYA") -> SANTHIYA
H38: =IFERROR(__xludf.DUMMYFUNCTION("""COMPUTED_VALUE"""),"JEYANTHI") -> JEYANTHI | I38: =IFERROR(__xludf.DUMMYFUNCTION("""COMPUTED_VALUE"""),"PRIYANKA") -> PRIYANKA | J38: =IFERROR(__xludf.DUMMYFUNCTION("""COMPUTED_VALUE"""),"YAMUNA") -> YAMUNA | K38: =IFERROR(__xludf.DUMMYFUNCTION("""COMPUTED_VALUE"""),"PRIYANKA") -> PRIYANKA | V38: =IFERROR(__xludf.DUMMYFUNCTION("""COMPUTED_VALUE"""),"SUDHARSHINI") -> SUDHARSHINI | W38: =IFERROR(__xludf.DUMMYFUNCTION("""COMPUTED_VALUE"""),"DEEPA") -> DEEPA | X38: =IFERROR(__xludf.DUMMYFUNCTION("""COMPUTED_VALUE"""),"VIJI-2") -> VIJI-2 | Y38: =IFERROR(__xludf.DUMMYFUNCTION("""COMPUTED_VALUE"""),"VISHNUPRIYA") -> VISHNUPRIYA | AD38: =IFERROR(__xludf.DUMMYFUNCTION("""COMPUTED_VALUE"""),"PANJU") -> PANJU | AE38: =IFERROR(__xludf.DUMMYFUNCTION("""COMPUTED_VALUE"""),"VIDHYA") -> VIDHYA | AN38: =IFERROR(__xludf.DUMMYFUNCTION("""COMPUTED_VALUE"""),"SANTHIYA") -> SANTHIYA | AO38: =IFERROR(__xludf.DUMMYFUNCTION("""COMPUTED_VALUE"""),"RAJI-2") -> RAJI-2
H39: =IFERROR(__xludf.DUMMYFUNCTION("""COMPUTED_VALUE"""),"KAVIYA") -> KAVIYA | I39: =IFERROR(__xludf.DUMMYFUNCTION("""COMPUTED_VALUE"""),"DHANALAKSHMI") -> DHANALAKSHMI | J39: =IFERROR(__xludf.DUMMYFUNCTION("""COMPUTED_VALUE"""),"DHANALAKSHMI") -> DHANALAKSHMI | K39: =IFERROR(__xludf.DUMMYFUNCTION("""COMPUTED_VALUE"""),"SHANTHI") -> SHANTHI | V39: =IFERROR(__xludf.DUMMYFUNCTION("""COMPUTED_VALUE"""),"MUTHUPRIYA") -> MUTHUPRIYA | W39: =IFERROR(__xludf.DUMMYFUNCTION("""COMPUTED_VALUE"""),"MUTHUPRIYA") -> MUTHUPRIYA | X39: =IFERROR(__xludf.DUMMYFUNCTION("""COMPUTED_VALUE"""),"PANJU") -> PANJU | Y39: =IFERROR(__xludf.DUMMYFUNCTION("""COMPUTED_VALUE"""),"PANJU") -> PANJU | AD39: =IFERROR(__xludf.DUMMYFUNCTION("""COMPUTED_VALUE"""),"SHANTHI") -> SHANTHI | AE39: =IFERROR(__xludf.DUMMYFUNCTION("""COMPUTED_VALUE"""),"BHARATHI") -> BHARATHI | AN39: =IFERROR(__xludf.DUMMYFUNCTION("""COMPUTED_VALUE"""),"RAJI-2") -> RAJI-2
H40: =IFERROR(__xludf.DUMMYFUNCTION("""COMPUTED_VALUE"""),"MUTHUPRIYA") -> MUTHUPRIYA | I40: =IFERROR(__xludf.DUMMYFUNCTION("""COMPUTED_VALUE"""),"JEYANTHI") -> JEYANTHI | J40: =IFERROR(__xludf.DUMMYFUNCTION("""COMPUTED_VALUE"""),"MUTHUPRIYA") -> MUTHUPRIYA | V40: =IFERROR(__xludf.DUMMYFUNCTION("""COMPUTED_VALUE"""),"SAHANA") -> SAHANA | W40: =IFERROR(__xludf.DUMMYFUNCTION("""COMPUTED_VALUE"""),"RAJI-1") -> RAJI-1 | X40: =IFERROR(__xludf.DUMMYFUNCTION("""COMPUTED_VALUE"""),"VISHNUPRIYA") -> VISHNUPRIYA | Y40: =IFERROR(__xludf.DUMMYFUNCTION("""COMPUTED_VALUE"""),"VIJI-1") -> VIJI-1 | AD40: =IFERROR(__xludf.DUMMYFUNCTION("""COMPUTED_VALUE"""),"KAVIYA") -> KAVIYA
H41: =IFERROR(__xludf.DUMMYFUNCTION("""COMPUTED_VALUE"""),"RANI") -> RANI | I41: =IFERROR(__xludf.DUMMYFUNCTION("""COMPUTED_VALUE"""),"RAJI-1") -> RAJI-1 | J41: =IFERROR(__xludf.DUMMYFUNCTION("""COMPUTED_VALUE"""),"SANTHIYA") -> SANTHIYA | V41: =IFERROR(__xludf.DUMMYFUNCTION("""COMPUTED_VALUE"""),"CHINNAMMAL") -> CHINNAMMAL | W41: =IFERROR(__xludf.DUMMYFUNCTION("""COMPUTED_VALUE"""),"SAHANA") -> SAHANA | Y41: =IFERROR(__xludf.DUMMYFUNCTION("""COMPUTED_VALUE"""),"DHANALAKSHMI") -> DHANALAKSHMI | AD41: =IFERROR(__xludf.DUMMYFUNCTION("""COMPUTED_VALUE"""),"YAMUNA") -> YAMUNA
H42: =IFERROR(__xludf.DUMMYFUNCTION("""COMPUTED_VALUE"""),"SANTHIYA") -> SANTHIYA | J42: =IFERROR(__xludf.DUMMYFUNCTION("""COMPUTED_VALUE"""),"PRIYANKA") -> PRIYANKA | V42: =IFERROR(__xludf.DUMMYFUNCTION("""COMPUTED_VALUE"""),"VIDHYA") -> VIDHYA | W42: =IFERROR(__xludf.DUMMYFUNCTION("""COMPUTED_VALUE"""),"VIJI-2") -> VIJI-2 | Y42: =IFERROR(__xludf.DUMMYFUNCTION("""COMPUTED_VALUE"""),"SHANTHI") -> SHANTHI | AD42: =IFERROR(__xludf.DUMMYFUNCTION("""COMPUTED_VALUE"""),"RANI") -> RANI
H43: =IFERROR(__xludf.DUMMYFUNCTION("""COMPUTED_VALUE"""),"SHANTHI") -> SHANTHI | V43: =IFERROR(__xludf.DUMMYFUNCTION("""COMPUTED_VALUE"""),"RAJI-1") -> RAJI-1 | AD43: =IFERROR(__xludf.DUMMYFUNCTION("""COMPUTED_VALUE"""),"VIDHYA") -> VIDHYA
H44: =IFERROR(__xludf.DUMMYFUNCTION("""COMPUTED_VALUE"""),"DEEPA") -> DEEPA

Sheet STAFFS
A1: DOOR OPEN | C1: DOOR CLOSING | E1: MOR CLEAN | G1: FAN CLEAN | I1: MAADI CLEAN | K1: CHITTAI | M1: STEPS | O1: CASH | Q1: MET.MKT | S1: KOLUSU | U1: PATHIRAM | W1: SL | Y1: TEA | AA1: PURSE | AC1: CHAIN | AE1: DROPS | AG1: RING | AI1: EVENING CLEAN | AK1: DUSTBIN CHECK | AM1: CHAIN ARR | AO1: SIL.ARR (MOR&EVE) | AQ1: DUSTBIN CLEAN | AS1: TRAY ARR | AU1: PATHIRAM,SL BOX | AW1: DROPS ARR | AY1: COLLECTION
A2: ARIVUNITHI | C2: ARIVUNITHI | E2: BHARATHI | G2: BHARATHI | I2: BHARATHI | K2: BHARATHI | M2: CHINNAMMAL | O2: CHINNAMMAL | Q2: BHARATHI | S2: BHARATHI | U2: BHARATHI | W2: BHARATHI | Y2: BHARATHI | AA2: BHARATHI | AC2: BHARATHI | AE2: BHARATHI | AG2: BHARATHI | AI2: BHARATHI | AK2: BHARATHI | AM2: BHARATHI | AO2: BHARATHI | AQ2: BHARATHI | AS2: BHARATHI | AU2: BHARATHI | AW2: BHARATHI | AY2: BHARATHI
A3: ARULMURUGAN | C3: ARULMURUGAN | E3: CHINNAMMAL | G3: CHINNAMMAL | I3: CHINNAMMAL | K3: DEEPA | M3: JEYANTHI | O3: JEYANTHI | Q3: CHINNAMMAL | S3: CHINNAMMAL | U3: CHINNAMMAL | W3: CHINNAMMAL | Y3: CHINNAMMAL | AA3: CHINNAMMAL | AC3: CHINNAMMAL | AE3: CHINNAMMAL | AG3: CHINNAMMAL | AI3: CHINNAMMAL | AK3: CHINNAMMAL | AM3: CHINNAMMAL | AO3: CHINNAMMAL | AQ3: CHINNAMMAL | AS3: CHINNAMMAL | AU3: CHINNAMMAL | AW3: CHINNAMMAL | AY3: DEEPA
A4: BALAMURUGAN | C4: BALAMURUGAN | E4: DEEPA | G4: DEEPA | I4: DEEPA | K4: DHANALAKSHMI | M4: KAVIYA | O4: SAHANA | Q4: DEEPA | S4: DEEPA | U4: DEEPA | W4: DEEPA | Y4: DEEPA | AA4: DEEPA | AC4: DEEPA | AE4: DEEPA | AG4: DEEPA | AI4: DEEPA | AK4: DEEPA | AM4: DEEPA | AO4: DEEPA | AQ4: DEEPA | AS4: DEEPA | AU4: DEEPA | AW4: DEEPA | AY4: DHANALAKSHMI
A5: BALASUBRAMANIYAN | C5: BALASUBRAMANI | E5: DHANALAKSHMI | G5: DHANALAKSHMI | I5: DHANALAKSHMI | K5: RAJI-1 | M5: MUTHUPRIYA | O5: SUDHARSHINI | Q5: DHANALAKSHMI | S5: DHANALAKSHMI | U5: DHANALAKSHMI | W5: DHANALAKSHMI | Y5: DHANALAKSHMI | AA5: DHANALAKSHMI | AC5: DHANALAKSHMI | AE5: DHANALAKSHMI | AG5: DHANALAKSHMI | AI5: DHANALAKSHMI | AK5: DHANALAKSHMI | AM5: DHANALAKSHMI | AO5: DHANALAKSHMI | AQ5: DHANALAKSHMI | AS5: DHANALAKSHMI | AU5: DHANALAKSHMI | AW5: DHANALAKSHMI | AY5: RAJI-1
A6: KOLANCHIYAPPAN | C6: KOLANCHIYAPPAN | E6: JEYANTHI | G6: JEYANTHI | I6: JEYANTHI | K6: RAJI-2 | M6: PRIYANKA | O6: YAMUNA | Q6: JEYANTHI | S6: JEYANTHI | U6: JEYANTHI | W6: JEYANTHI | Y6: JEYANTHI | AA6: JEYANTHI | AC6: JEYANTHI | AE6: JEYANTHI | AG6: JEYANTHI | AI6: JEYANTHI | AK6: JEYANTHI | AM6: JEYANTHI | AO6: JEYANTHI | AQ6: JEYANTHI | AS6: JEYANTHI | AU6: JEYANTHI | AW6: JEYANTHI | AY6: RAJI-2
A7: MANIMARAN | C7: MANIMARAN | E7: KAVIYA | G7: KAVIYA | I7: KAVIYA | K7: VIJI-1 | M7: SAHANA | Q7: KAVIYA | S7: KAVIYA | U7: KAVIYA | W7: KAVIYA | Y7: KAVIYA | AA7: KAVIYA | AC7: MUTHUPRIYA | AE7: MUTHUPRIYA | AG7: MUTHUPRIYA | AI7: KAVIYA | AK7: KAVIYA | AM7: KAVIYA | AO7: KAVIYA | AQ7: KAVIYA | AS7: KAVIYA | AU7: KAVIYA | AW7: KAVIYA | AY7: VIJI-1
A8: MUTHUKUMAR | C8: MUTHUKUMAR | E8: MUTHUPRIYA | G8: MUTHUPRIYA | I8: MUTHUPRIYA | K8: VIJI-2 | M8: SANTHIYA | Q8: MUTHUPRIYA | S8: MUTHUPRIYA | U8: MUTHUPRIYA | W8: MUTHUPRIYA | Y8: MUTHUPRIYA | AA8: MUTHUPRIYA | AC8: NIVETHA | AE8: NIVETHA | AG8: NIVETHA | AI8: MUTHUPRIYA | AK8: MUTHUPRIYA | AM8: MUTHUPRIYA | AO8: MUTHUPRIYA | AQ8: MUTHUPRIYA | AS8: MUTHUPRIYA | AU8: MUTHUPRIYA | AW8: MUTHUPRIYA | AY8: VIJI-2
A9: PANDI-2 | C9: PANDI-2 | E9: NIVETHA | G9: NIVETHA | I9: NIVETHA | K9: YOGAPRIYA | M9: SHANTHI | Q9: NIVETHA | S9: NIVETHA | U9: NIVETHA | W9: NIVETHA | Y9: NIVETHA | AA9: NIVETHA | AC9: RAJI-1 | AE9: RAJI-1 | AG9: RAJI-1 | AI9: NIVETHA | AK9: NIVETHA | AM9: NIVETHA | AO9: NIVETHA | AQ9: NIVETHA | AS9: NIVETHA | AU9: NIVETHA | AW9: NIVETHA | AY9: YOGAPRIYA
A10: RAJKUMAR | C10: PANDIKUMAR | E10: PANJU | G10: PANJU | I10: PANJU | M10: SUDHARSHINI | Q10: PRIYANKA | S10: PRIYANKA | U10: PRIYANKA | W10: PRIYANKA | Y10: PANJU | AA10: PANJU | AC10: RAJI-2 | AE10: RAJI-2 | AG10: RAJI-2 | AI10: PANJU | AK10: PANJU | AM10: PRIYANKA | AO10: PANJU | AQ10: PANJU | AS10: PRIYANKA | AU10: PANJU | AW10: PRIYANKA
A11: SAKTHIVEL 2 | C11: PARIMANAM | E11: PRIYANKA | G11: PRIYANKA | I11: PRIYANKA | M11: YAMUNA | Q11: RAJI-1 | S11: RAJI-1 | U11: RAJI-1 | W11: RAJI-1 | Y11: PRIYANKA | AA11: PRIYANKA | AC11: SAHANA | AE11: SAHANA | AG11: SAHANA | AI11: PRIYANKA | AK11: PRIYANKA | AM11: RAJI-1 | AO11: PRIYANKA | AQ11: PRIYANKA | AS11: RAJI-1 | AU11: PRIYANKA | AW11: RAJI-1
A12: SATHISH | C12: RAJKUMAR | E12: RAJI-1 | G12: RAJI-1 | I12: RAJI-1 | Q12: RAJI-2 | S12: RAJI-2 | U12: RAJI-2 | W12: RAJI-2 | Y12: RAJI-1 | AA12: RAJI-1 | AC12: SUDHARSHINI | AE12: SUDHARSHINI | AG12: SUDHARSHINI | AI12: RAJI-1 | AK12: RAJI-1 | AM12: RAJI-2 | AO12: RAJI-1 | AQ12: RAJI-1 | AS12: RAJI-2 | AU12: RAJI-1 | AW12: RAJI-2
A13: SELVENDRAN | C13: SAKTHIVEL 2 | E13: RAJI-2 | G13: RAJI-2 | I13: RAJI-2 | Q13: SAHANA | S13: SAHANA | U13: SAHANA | W13: SAHANA | Y13: RAJI-2 | AA13: RAJI-2 | AC13: VIDHYA | AE13: VIDHYA | AG13: VIDHYA | AI13: RAJI-2 | AK13: RAJI-2 | AM13: SAHANA | AO13: RAJI-2 | AQ13: RAJI-2 | AS13: SAHANA | AU13: RAJI-2 | AW13: SAHANA
A14: SYED ABUTHAHIR | C14: SATHISH | E14: RANI | G14: RANI | I14: RANI | Q14: SANTHIYA | S14: SANTHIYA | U14: SANTHIYA | W14: SANTHIYA | Y14: RANI | AA14: RANI | AC14: VIJI-1 | AE14: VIJI-1 | AG14: VIJI-1 | AI14: RANI | AK14: RANI | AM14: SANTHIYA | AO14: RANI | AQ14: RANI | AS14: SANTHIYA | AU14: RANI | AW14: SANTHIYA
A15: THAMODARAN | C15: SELVENDRAN | E15: SAHANA | G15: SAHANA | I15: SAHANA | Q15: SHANTHI | S15: SHANTHI | U15: SHANTHI | W15: SHANTHI | Y15: SAHANA | AA15: SAHANA | AC15: VIJI-2 | AE15: VIJI-2 | AG15: VIJI-2 | AI15: SAHANA | AK15: SAHANA | AM15: SHANTHI | AO15: SAHANA | AQ15: SAHANA | AS15: SHANTHI | AU15: SAHANA | AW15: SHANTHI
A16: VENKADESAN | C16: SYED ABUTHAHIR | E16: SANTHIYA | G16: SANTHIYA | I16: SANTHIYA | Q16: SUDHARSHINI | S16: SUDHARSHINI | U16: SUDHARSHINI | W16: SUDHARSHINI | Y16: SANTHIYA | AA16: SANTHIYA | AC16: VISHNUPRIYA | AE16: VISHNUPRIYA | AG16: VISHNUPRIYA | AI16: SANTHIYA | AK16: SANTHIYA | AM16: SUDHARSHINI | AO16: SANTHIYA | AQ16: SANTHIYA | AS16: SUDHARSHINI | AU16: SANTHIYA | AW16: SUDHARSHINI
C17: THAMODARAN | E17: SHANTHI | G17: SHANTHI | I17: SHANTHI | Q17: VIDHYA | S17: VIDHYA | U17: VIDHYA | W17: VIDHYA | Y17: SHANTHI | AA17: SHANTHI | AC17: YAMUNA | AE17: YAMUNA | AG17: YAMUNA | AI17: SHANTHI | AK17: SHANTHI | AM17: VIDHYA | AO17: SHANTHI | AQ17: SHANTHI | AS17: VIDHYA | AU17: SHANTHI | AW17: VIDHYA
C18: VENKADESAN | E18: SUDHARSHINI | G18: SUDHARSHINI | I18: SUDHARSHINI | Q18: VIJI-1 | S18: VIJI-1 | U18: VIJI-1 | W18: VIJI-1 | Y18: SUDHARSHINI | AA18: SUDHARSHINI | AC18: YOGAPRIYA | AE18: YOGAPRIYA | AG18: YOGAPRIYA | AI18: SUDHARSHINI | AK18: SUDHARSHINI | AM18: VIJI-1 | AO18: SUDHARSHINI | AQ18: SUDHARSHINI | AS18: VIJI-1 | AU18: SUDHARSHINI | AW18: VIJI-1
E19: VIDHYA | G19: VIDHYA | I19: VIDHYA | Q19: VIJI-2 | S19: VIJI-2 | U19: VIJI-2 | W19: VIJI-2 | Y19: VIDHYA | AA19: VIDHYA | AI19: VIDHYA | AK19: VIDHYA | AM19: VIJI-2 | AO19: VIDHYA | AQ19: VIDHYA | AS19: VIJI-2 | AU19: VIDHYA | AW19: VIJI-2
E20: VIJI-1 | G20: VIJI-1 | I20: VIJI-1 | Q20: VISHNUPRIYA | S20: VISHNUPRIYA | U20: VISHNUPRIYA | W20: VISHNUPRIYA | Y20: VIJI-1 | AA20: VIJI-1 | AI20: VIJI-1 | AK20: VIJI-1 | AM20: VISHNUPRIYA | AO20: VIJI-1 | AQ20: VIJI-1 | AS20: VISHNUPRIYA | AU20: VIJI-1 | AW20: VISHNUPRIYA
E21: VIJI-2 | G21: VIJI-2 | I21: VIJI-2 | Q21: YAMUNA | S21: YAMUNA | U21: YAMUNA | W21: YAMUNA | Y21: VIJI-2 | AA21: VIJI-2 | AI21: VIJI-2 | AK21: VIJI-2 | AM21: YAMUNA | AO21: VIJI-2 | AQ21: VIJI-2 | AS21: YAMUNA | AU21: VIJI-2 | AW21: YAMUNA
E22: VISHNUPRIYA | G22: VISHNUPRIYA | I22: VISHNUPRIYA | Q22: YOGAPRIYA | S22: YOGAPRIYA | U22: YOGAPRIYA | W22: YOGAPRIYA | Y22: VISHNUPRIYA | AA22: VISHNUPRIYA | AI22: VISHNUPRIYA | AK22: VISHNUPRIYA | AM22: YOGAPRIYA | AO22: VISHNUPRIYA | AQ22: VISHNUPRIYA | AS22: YOGAPRIYA | AU22: VISHNUPRIYA | AW22: YOGAPRIYA
E23: YAMUNA | G23: YAMUNA | I23: YAMUNA | Y23: YAMUNA | AA23: YAMUNA | AI23: YAMUNA | AK23: YAMUNA | AO23: YAMUNA | AQ23: YAMUNA | AU23: YAMUNA
E24: YOGAPRIYA | G24: YOGAPRIYA | I24: YOGAPRIYA | Y24: YOGAPRIYA | AA24: YOGAPRIYA | AI24: YOGAPRIYA | AK24: YOGAPRIYA | AO24: YOGAPRIYA | AQ24: YOGAPRIYA | AU24: YOGAPRIYA

Sheet LEAVE
A1: LADIES LEAVE | B1: GENTS LEAVE
A2: YOGAPRIYA

Sheet STOCKS 
E1: =TODAY()+1 -> 46178
B2: ='OVERVIEW '!AI3 -> MOR CLEAN | E2: ='OVERVIEW '!L3 -> TEA | H2: ='OVERVIEW '!N3 -> SIL.ARR (MOR&EVE) | AH2: =B2 -> MOR CLEAN | AI2: =E2 -> TEA | AJ2: =B32 -> MET.MKT | AK2: =B9 -> CHAIN ARRANGE | AL2: =H2 -> SIL.ARR (MOR&EVE) | AM2: =H9 -> TRAY ARRANGE | AN2: =B14 -> CHAIN | AO2: =E14 -> DROPS | AP2: =H14 -> RING | AQ2: =B18 -> DUSTBIN CLEAN | AR2: =H18 -> DUSTBIN CHECK | AS2: =E18 -> EVENING CLEANING | AT2: =B23 -> TODAY SHOP CLOSE | AU2: =#REF! -> #REF! | AV2: =H23 -> SHOP OPEN | AW2: =B27 -> PURSE,BAG | AX2: =H27 -> MAADI CLEAN | AY2: =E27 -> FAN CLEAN | AZ2: =B36 -> PATHIRAM | BA2: =E36 -> SL | BB2: =H36 -> KOLUSU
B3: ='OVERVIEW '!AI30 -> RANI | E3: ='OVERVIEW '!L30 -> SANTHIYA | H3: ='OVERVIEW '!N30 -> CHINNAMMAL | AH3: =B3 -> RANI | AI3: =E3 -> SANTHIYA | AJ3: =B33 -> DHANALAKSHMI | AK3: =B10 -> KAVIYA | AL3: =H3 -> CHINNAMMAL | AM3: =H10 -> MUTHUPRIYA | AN3: =B15 -> NIVETHA | AO3: =E15 -> JEYANTHI | AP3: =H15 -> CHINNAMMAL | AQ3: =B19 -> SANTHIYA | AR3: =H19 -> VIJI-2 | AS3: =E19 -> RAJI-1 | AT3: =B24 -> SAKTHIVEL 2 | AU3: =#REF! -> #REF! | AV3: =H24 -> MANIMARAN | AW3: =B28 -> CHINNAMMAL | AX3: =H28 -> VIDHYA | AY3: =E28 -> SHANTHI | AZ3: =B37 -> SAHANA | BA3: =E37 -> SUDHARSHINI | BB3: =H37 -> DEEPA
B4: ='OVERVIEW '!AI31 -> VIJI-1 | E4: ='OVERVIEW '!L31 -> PRIYANKA | H4: ='OVERVIEW '!N31 -> SHANTHI | AH4: =B4 -> VIJI-1 | AI4: =E4 -> PRIYANKA | AJ4: =B34 | AK4: =B11 | AL4: =H4 -> SHANTHI | AM4: =H11 -> RAJI-1 | AN4: =B16 | AO4: =E16 | AP4: =H16 | AQ4: =B20 -> JEYANTHI | AR4: =H20 -> BHARATHI | AS4: =E20 | AT4: =B25 -> ARULMURUGAN | AU4: =#REF! -> #REF! | AV4: =H25 | AW4: =B29 -> YAMUNA | AX4: =H29 -> RAJI-1 | AY4: =E29 -> VISHNUPRIYA | AZ4: =B38 -> VISHNUPRIYA | BA4: =E38 -> VIDHYA | BB4: =H38 -> BHARATHI
B5: ='OVERVIEW '!AI32 -> VIJI-2 | AH5: =B5 -> VIJI-2 | AI5: =E5 | AJ5: =#REF! -> #REF! | AK5: =B12 | AL5: =H5 | AM5: =H12 | AN5: =B17 | AO5: =E17 | AP5: =H17 | AQ5: =B21 | AR5: =H21 | AS5: =#REF! -> #REF! | AT5: =B26 | AU5: =E26 | AV5: =H26 | AW5: =B30 | AX5: =H30 -> SAHANA | AY5: =E30 | BB5: =H39 -> RAJI-1
BB6: =H40 -> JEYANTHI
B7: ='OVERVIEW '!AI33 -> BHARATHI | K7: =STAFFS!E2 -> BHARATHI | L7: {=SORT({K7:K32,COUNTIF($B$2:$I$43,K7:K32)},2,FALSE)} -> RAJI-1 | M7: 4
K8: =STAFFS!E3 -> CHINNAMMAL | L8: VIJI-2 | M8: 4 | AG8: =STAFFS!E2 -> BHARATHI | AH8: =AH3 -> RANI | AI8: =AH2 -> MOR CLEAN | AJ8: =IFERROR(__xludf.DUMMYFUNCTION("filter($AH$8:$AI$35,AH8:AH35='A1'!V2)"),"#N/A") -> #N/A
B9: ='OVERVIEW '!P3 -> CHAIN ARRANGE | E9: ='OVERVIEW '!Q29 -> DROPS ARRANGE | H9: ='OVERVIEW '!AE3 -> TRAY ARRANGE | K9: =STAFFS!E4 -> DEEPA | L9: BHARATHI | M9: 3 | AG9: =STAFFS!E3 -> CHINNAMMAL | AH9: =AH4 -> VIJI-1 | AI9: =AI8 -> MOR CLEAN
B10: ='OVERVIEW '!P30 -> KAVIYA | E10: ='OVERVIEW '!Q30 -> SHANTHI | H10: ='OVERVIEW '!AE30 -> MUTHUPRIYA | K10: =STAFFS!E5 -> DHANALAKSHMI | L10: CHINNAMMAL | M10: 3 | AG10: =STAFFS!E4 -> DEEPA | AH10: =AH5 -> VIJI-2 | AI10: =AI9 -> MOR CLEAN
E11: ='OVERVIEW '!Q31 -> VIJI-2 | H11: ='OVERVIEW '!AE31 -> RAJI-1 | K11: =STAFFS!E6 -> JEYANTHI | L11: JEYANTHI | M11: 3 | AG11: =STAFFS!E5 -> DHANALAKSHMI | AH11: =AI3 -> SANTHIYA | AI11: =AI2 -> TEA
K12: =STAFFS!E7 -> KAVIYA | L12: SHANTHI | M12: 3 | AG12: =STAFFS!E6 -> JEYANTHI | AH12: =AI4 -> PRIYANKA | AI12: =AI11 -> TEA
K13: =STAFFS!E8 -> MUTHUPRIYA | L13: KAVIYA | M13: 2 | AG13: =STAFFS!E7 -> KAVIYA | AH13: =AJ3 -> DHANALAKSHMI | AI13: =AJ2 -> MET.MKT
B14: ='OVERVIEW '!O3 -> CHAIN | E14: ='OVERVIEW '!V3 -> DROPS | H14: ='OVERVIEW '!W3 -> RING | K14: =STAFFS!E9 -> NIVETHA | L14: SAHANA | M14: 2 | AG14: =STAFFS!E8 -> MUTHUPRIYA | AH14: =AK3 -> KAVIYA | AI14: =AK2 -> CHAIN ARRANGE
B15: ='OVERVIEW '!O30 -> NIVETHA | E15: ='OVERVIEW '!V30 -> JEYANTHI | H15: ='OVERVIEW '!W30 -> CHINNAMMAL | K15: =STAFFS!E10 -> PANJU | L15: SANTHIYA | M15: 2 | AG15: =STAFFS!E9 -> NIVETHA | AH15: =AL3 -> CHINNAMMAL | AI15: =AL2 -> SIL.ARR (MOR&EVE)
K16: =STAFFS!E11 -> PRIYANKA | L16: VIDHYA | M16: 2 | AG16: =STAFFS!E10 -> PANJU | AH16: =AL4 -> SHANTHI | AI16: =AI15 -> SIL.ARR (MOR&EVE)
K17: =STAFFS!E12 -> RAJI-1 | L17: VIJI-1 | M17: 2 | P17: =E1 -> 46178 | AG17: =STAFFS!E11 -> PRIYANKA | AH17: =AM3 -> MUTHUPRIYA | AI17: =AM2 -> TRAY ARRANGE
B18: ='OVERVIEW '!AD3 -> DUSTBIN CLEAN | E18: ='OVERVIEW '!X3 -> EVENING CLEANING | H18: ='OVERVIEW '!Y3 -> DUSTBIN CHECK | K18: =STAFFS!E13 -> RAJI-2 | L18: VISHNUPRIYA | M18: 2 | P18: =H23 -> SHOP OPEN | AG18: =STAFFS!E12 -> RAJI-1 | AH18: =AM4 -> RAJI-1 | AI18: =AI17 -> TRAY ARRANGE
B19: ='OVERVIEW '!AD30 -> SANTHIYA | E19: ='OVERVIEW '!X30 -> RAJI-1 | H19: ='OVERVIEW '!Y30 -> VIJI-2 | K19: =STAFFS!E14 -> RANI | L19: DEEPA | M19: 1 | P19: =H24 -> MANIMARAN | AG19: =STAFFS!E13 -> RAJI-2 | AH19: =AN3 -> NIVETHA | AI19: =AN2 -> CHAIN
B20: ='OVERVIEW '!AD31 -> JEYANTHI | H20: ='OVERVIEW '!Y31 -> BHARATHI | K20: =STAFFS!E15 -> SAHANA | L20: DHANALAKSHMI | M20: 1 | AG20: =STAFFS!E14 -> RANI | AH20: =AO3 -> JEYANTHI | AI20: =AO2 -> DROPS
K21: =STAFFS!E16 -> SANTHIYA | L21: MUTHUPRIYA | M21: 1 | AG21: =STAFFS!E15 -> SAHANA | AH21: =AP3 -> CHINNAMMAL | AI21: =AP2 -> RING
K22: =STAFFS!E17 -> SHANTHI | L22: NIVETHA | M22: 1 | P22: =B23 -> TODAY SHOP CLOSE | AG22: =STAFFS!E16 -> SANTHIYA | AH22: =AQ3 -> SANTHIYA | AI22: =AQ2 -> DUSTBIN CLEAN
B23: TODAY SHOP CLOSE | E23: ='OVERVIEW '!G29 -> COLLECTION | H23: ='OVERVIEW '!AH3 -> SHOP OPEN | K23: =STAFFS!E18 -> SUDHARSHINI | L23: PRIYANKA | M23: 1 | P23: =B24 -> SAKTHIVEL 2 | AG23: =STAFFS!E17 -> SHANTHI | AH23: =AQ4 -> JEYANTHI | AI23: =AI22 -> DUSTBIN CLEAN
B24: ='OVERVIEW '!AG4 -> SAKTHIVEL 2 | E24: ='OVERVIEW '!G30 -> VIJI-2 | H24: ='OVERVIEW '!AH30 -> MANIMARAN | K24: =STAFFS!E19 -> VIDHYA | L24: RAJI-2 | M24: 1 | P24: =B25 -> ARULMURUGAN | AG24: =STAFFS!E18 -> SUDHARSHINI | AH24: =AR3 -> VIJI-2 | AI24: =AR2 -> DUSTBIN CHECK
B25: ='OVERVIEW '!AG5 -> ARULMURUGAN | K25: =STAFFS!E20 -> VIJI-1 | L25: RANI | M25: 1 | AG25: =STAFFS!E19 -> VIDHYA | AH25: =AR4 -> BHARATHI | AI25: =AI24 -> DUSTBIN CHECK
K26: =STAFFS!E21 -> VIJI-2 | L26: SUDHARSHINI | M26: 1 | AG26: =STAFFS!E20 -> VIJI-1 | AH26: =AS3 -> RAJI-1 | AI26: =AS2 -> EVENING CLEANING
B27: ='OVERVIEW '!AN29 -> PURSE,BAG | E27: ='OVERVIEW '!AP29 -> FAN CLEAN | H27: ='OVERVIEW '!AO29 -> MAADI CLEAN | K27: =STAFFS!E22 -> VISHNUPRIYA | L27: YAMUNA | M27: 1 | AG27: =STAFFS!E21 -> VIJI-2
B28: ='OVERVIEW '!AN30 -> CHINNAMMAL | E28: ='OVERVIEW '!AP30 -> SHANTHI | H28: ='OVERVIEW '!AO30 -> VIDHYA | K28: =STAFFS!E23 -> YAMUNA | L28: PANJU | M28: 0 | AG28: =STAFFS!E22 -> VISHNUPRIYA | AI28: =AI27
B29: ='OVERVIEW '!AN31 -> YAMUNA | E29: ='OVERVIEW '!AP31 -> VISHNUPRIYA | H29: ='OVERVIEW '!AO31 -> RAJI-1 | K29: =STAFFS!E24 -> YOGAPRIYA | L29: YOGAPRIYA | M29: 0 | AG29: =STAFFS!E23 -> YAMUNA | AH29: =AU3 -> #REF! | AI29: =AU2 -> #REF!
H30: ='OVERVIEW '!AO32 -> SAHANA | K30: =STAFFS!E25 | M30: 0 | AG30: =STAFFS!E24 -> YOGAPRIYA
H31: ='OVERVIEW '!AO33 -> KAVIYA | K31: =STAFFS!E26 | M31: 0 | AG31: =#REF! -> #REF! | AH31: =AZ4 -> VISHNUPRIYA | AI31: =#REF! -> #REF!
B32: ='OVERVIEW '!M3 -> MET.MKT | E32: =IF('OVERVIEW '!E2=TRUE,('OVERVIEW '!E29),"") | K32: =STAFFS!E27 | M32: 0 | AG32: =#REF! -> #REF! | AH32: =BA3 -> SUDHARSHINI | AI32: =BA2 -> SL
B33: ='OVERVIEW '!M30 -> DHANALAKSHMI | E33: ='OVERVIEW '!E30 | AG33: =#REF! -> #REF! | AH33: =BA4 -> VIDHYA | AI33: =AI32 -> SL
AG34: =#REF! -> #REF! | AH34: =BB3 -> DEEPA | AI34: =BB2 -> KOLUSU
AG35: =#REF! -> #REF! | AH35: =BB6 -> JEYANTHI | AI35: =#REF! -> #REF!
A36: ='OVERVIEW '!I1 -> TRUE | B36: ='OVERVIEW '!I29 -> PATHIRAM | E36: ='OVERVIEW '!J29 -> SL | H36: ='OVERVIEW '!K29 -> KOLUSU
B37: ='OVERVIEW '!I30 -> SAHANA | E37: ='OVERVIEW '!J30 -> SUDHARSHINI | H37: ='OVERVIEW '!K30 -> DEEPA
B38: ='OVERVIEW '!I31 -> VISHNUPRIYA | E38: ='OVERVIEW '!J31 -> VIDHYA | H38: ='OVERVIEW '!K31 -> BHARATHI
H39: ='OVERVIEW '!K32 -> RAJI-1
B40: ='OVERVIEW '!H29 -> PATHIRAM,SL BOX | H40: ='OVERVIEW '!K33 -> JEYANTHI
B41: ='OVERVIEW '!H30 -> RAJI-2
B42: ='OVERVIEW '!H31 -> VIJI-1

Sheet TODAY
A1: MOR CLEAN. | C1: TEA | E1: SIL.ARR (MOR&EVE)
A2: SANTHIYA | C2: SUDHARSHINI | E2: SAHANA
A3: SUDHARSHINI | C3: CHINNAMMAL | E3: MUTHUPRIYA
A4: CHINNAMMAL
A6: ='STOCKS '!B9 -> CHAIN ARRANGE | C6: DROPS ARR | E6: TRAY ARRANGE
A7: YAMUNA | C7: MUTHUPRIYA | E7: CHINNAMMAL
C8: RAJI-2 | E8: DEEPA
A10: CHAIN | C10: DROPS | E10: RING
A11: CHINNAMMAL | C11: YAMUNA | E11: RAJI-2
A13: DUSTBIN CLEAN | C13: EVENING CLEAN | E13: DUSTBIN CHECK
A14: SAHANA | C14: VIDHYA | E14: SANTHIYA
A15: BHARATHI | E15: RAJI-1
A17: DOOR OPEN | C17: COLLECTION
A18: ARIVUNITHI | C18: RAJI-2
A20: MET.MKT
A21: VIJI-2
A23: CHITTAI | C23: STEPS | E23: CASH
A27: PURSE | C27: FAN CLEAN | E27: MAADI CLEAN
A33: PATHIRAM | C33: SL | E33: KOLUSU
A37: PATHIRAM,SL BOX

Sheet DOOR OPEN
A1: DOOR OPEN
A2: DATE | B2: NAME | C2: ENTRY BY | D2: DATE & TIME | F2: =IF(COUNTIF(LEAVE!B:B,H:H)>0,TODAY(),"") | G2: =IF(countif(TODAY!$A$18,$H$2:$H999),today(),"") -> 46177 | H2: {=STAFFS!A2:A999} -> ARIVUNITHI | I2: {=COUNTIF($B$3:$B999,$H$2:$H999)} -> 5 | J2: =IFERROR(__xludf.DUMMYFUNCTION("arrayformula(iferror(vlookup($H$2:$H999, query($A$3:$B999,""select B, max(A) group by B"",0),2,false)))"),46157.0) -> 46157 | L2: =H2 -> ARIVUNITHI | M2: =I2 -> 5 | N2: =J2+G2+F2 -> 92334 | O2: =IF(L2=0,today()+1,N2) -> 92334 | Q2: {=SORT(L2:O999,4,TRUE)} -> MANIMARAN | R2: 5 | S2: 46156 | T2: 46156 | V2: {=SORT(Q2:T999,4,true)} -> MANIMARAN | X2: {=SORT(Q2:T8,2,true)} -> ARULMURUGAN | Y2: {=SORT(H2:I28,2,FALSE)} -> BALASUBRAMANIYAN | Z2: 7 | AB2: =IF($M$2:$M$30=0,$L$2:$L$30,"")
A3: 46083 | B3: BALASUBRAMANIYAN | C3: VISHNUPRIYA | D3: 46083.839 | F3: =IF(COUNTIF(LEAVE!B:B,H:H)>0,TODAY(),"") | G3: =IF(countif(TODAY!$A$18,$H$2:$H999),today(),"") | H3: ARULMURUGAN | I3: =COUNTIF($B$3:$B999,$H$2:$H999) -> 1 | J3: =IFERROR(__xludf.DUMMYFUNCTION("""COMPUTED_VALUE"""),46161.0) -> 46161 | L3: =H3 -> ARULMURUGAN | M3: =I3 -> 1 | N3: =J3+G3+F3 -> 46161 | O3: =IF(L3=0,today()+1,N3) -> 46161 | Q3: ARULMURUGAN | R3: 1 | S3: 46161 | T3: 46161 | V3: ARULMURUGAN | X3: MANIMARAN | Y3: MUTHUKUMAR | Z3: 6 | AB3: =IF($M$2:$M$30=0,$L$2:$L$30,"")
A4: 46084 | B4: SYED ABUTHAHIR | C4: NIVETHA | D4: 46084.823 | F4: =IF(COUNTIF(LEAVE!B:B,H:H)>0,TODAY(),"") | G4: =IF(countif(TODAY!$A$18,$H$2:$H999),today(),"") | H4: BALAMURUGAN | I4: =COUNTIF($B$3:$B1000,$H$2:$H1000) -> 5 | J4: =IFERROR(__xludf.DUMMYFUNCTION("""COMPUTED_VALUE"""),46165.0) -> 46165 | L4: =H4 -> BALAMURUGAN | M4: =I4 -> 5 | N4: =J4+G4+F4 -> 46165 | O4: =IF(L4=0,today()+1,N4) -> 46165 | Q4: KOLANCHIYAPPAN | R4: 5 | S4: 46162 | T4: 46162 | V4: KOLANCHIYAPPAN | X4: KOLANCHIYAPPAN | Y4: SATHISH | Z4: 6 | AB4: =IF($M$2:$M$30=0,$L$2:$L$30,"")
A5: 46085 | B5: SATHISH | C5: NIVETHA | D5: 46085.835 | F5: =IF(COUNTIF(LEAVE!B:B,H:H)>0,TODAY(),"") | G5: =IF(countif(TODAY!$A$18,$H$2:$H999),today(),"") | H5: BALASUBRAMANIYAN | I5: =COUNTIF($B$3:$B1001,$H$2:$H1001) -> 7 | J5: =IFERROR(__xludf.DUMMYFUNCTION("""COMPUTED_VALUE"""),46175.0) -> 46175 | L5: =H5 -> BALASUBRAMANIYAN | M5: =I5 -> 7 | N5: =J5+G5+F5 -> 46175 | O5: =IF(L5=0,today()+1,N5) -> 46175 | Q5: PANDI-2 | R5: 5 | S5: 46163 | T5: 46163 | V5: PANDI-2 | X5: PANDI-2 | Y5: SYED ABUTHAHIR | Z5: 6 | AB5: =IF($M$2:$M$30=0,$L$2:$L$30,"")
A6: 46086 | B6: THAMODARAN | C6: NIVETHA | D6: 46086.827 | F6: =IF(COUNTIF(LEAVE!B:B,H:H)>0,TODAY(),"") | G6: =IF(countif(TODAY!$A$18,$H$2:$H999),today(),"") | H6: KOLANCHIYAPPAN | I6: =COUNTIF($B$3:$B1002,$H$2:$H1002) -> 5 | J6: =IFERROR(__xludf.DUMMYFUNCTION("""COMPUTED_VALUE"""),46162.0) -> 46162 | L6: =H6 -> KOLANCHIYAPPAN | M6: =I6 -> 5 | N6: =J6+G6+F6 -> 46162 | O6: =IF(L6=0,today()+1,N6) -> 46162 | Q6: SAKTHIVEL 2 | R6: 5 | S6: 46164 | T6: 46164 | V6: SAKTHIVEL 2 | X6: SAKTHIVEL 2 | Y6: THAMODARAN | Z6: 6 | AB6: =IF($M$2:$M$30=0,$L$2:$L$30,"")
A7: 46087 | B7: ARIVUNITHI | C7: NIVETHA | D7: 46087.78 | F7: =IF(COUNTIF(LEAVE!B:B,H:H)>0,TODAY(),"") | G7: =IF(countif(TODAY!$A$18,$H$2:$H999),today(),"") | H7: MANIMARAN | I7: =COUNTIF($B$3:$B1003,$H$2:$H1003) -> 5 | J7: =IFERROR(__xludf.DUMMYFUNCTION("""COMPUTED_VALUE"""),46156.0) -> 46156 | L7: =H7 -> MANIMARAN | M7: =I7 -> 5 | N7: =J7+G7+F7 -> 46156 | O7: =IF(L7=0,today()+1,N7) -> 46156 | Q7: BALAMURUGAN | R7: 5 | S7: 46165 | T7: 46165 | V7: BALAMURUGAN | X7: BALAMURUGAN | Y7: VENKADESAN | Z7: 6 | AB7: =IF($M$2:$M$30=0,$L$2:$L$30,"")
A8: 46088 | B8: MANIMARAN | C8: NIVETHA | D8: 46088.829 | F8: =IF(COUNTIF(LEAVE!B:B,H:H)>0,TODAY(),"") | G8: =IF(countif(TODAY!$A$18,$H$2:$H999),today(),"") | H8: MUTHUKUMAR | I8: =COUNTIF($B$3:$B1004,$H$2:$H1004) -> 6 | J8: =IFERROR(__xludf.DUMMYFUNCTION("""COMPUTED_VALUE"""),46176.0) -> 46176 | L8: =H8 -> MUTHUKUMAR | M8: =I8 -> 6 | N8: =J8+G8+F8 -> 46176 | O8: =IF(L8=0,today()+1,N8) -> 46176 | Q8: SELVENDRAN | R8: 5 | S8: 46167 | T8: 46167 | V8: SELVENDRAN | X8: SELVENDRAN | Y8: ARIVUNITHI | Z8: 5 | AB8: =IF($M$2:$M$30=0,$L$2:$L$30,"")
A9: 46090 | B9: BALAMURUGAN | C9: NIVETHA | D9: 46090.835 | F9: =IF(COUNTIF(LEAVE!B:B,H:H)>0,TODAY(),"") | G9: =IF(countif(TODAY!$A$18,$H$2:$H999),today(),"") | H9: PANDI-2 | I9: =COUNTIF($B$3:$B1005,$H$2:$H1005) -> 5 | J9: =IFERROR(__xludf.DUMMYFUNCTION("""COMPUTED_VALUE"""),46163.0) -> 46163 | L9: =H9 -> PANDI-2 | M9: =I9 -> 5 | N9: =J9+G9+F9 -> 46163 | O9: =IF(L9=0,today()+1,N9) -> 46163 | Q9: RAJKUMAR | R9: 5 | S9: 46169 | T9: 46169 | V9: RAJKUMAR | Y9: BALAMURUGAN | Z9: 5 | AB9: =IF($M$2:$M$30=0,$L$2:$L$30,"")
A10: 46091 | B10: MUTHUKUMAR | C10: VISHNUPRIYA | D10: 46091.839 | F10: =IF(COUNTIF(LEAVE!B:B,H:H)>0,TODAY(),"") | G10: =IF(countif(TODAY!$A$18,$H$2:$H999),today(),"") | H10: RAJKUMAR | I10: =COUNTIF($B$3:$B1006,$H$2:$H1006) -> 5 | J10: =IFERROR(__xludf.DUMMYFUNCTION("""COMPUTED_VALUE"""),46169.0) -> 46169 | L10: =H10 -> RAJKUMAR | M10: =I10 -> 5 | N10: =J10+G10+F10 -> 46169 | O10: =IF(L10=0,today()+1,N10) -> 46169 | Q10: THAMODARAN | R10: 6 | S10: 46170 | T10: 46170 | V10: THAMODARAN | Y10: KOLANCHIYAPPAN | Z10: 5 | AB10: =IF($M$2:$M$30=0,$L$2:$L$30,"")
A11: 46092 | B11: KOLANCHIYAPPAN | C11: NIVETHA | D11: 46092.83 | F11: =IF(COUNTIF(LEAVE!B:B,H:H)>0,TODAY(),"") | G11: =IF(countif(TODAY!$A$18,$H$2:$H999),today(),"") | H11: SAKTHIVEL 2 | I11: =COUNTIF($B$3:$B1007,$H$2:$H1007) -> 5 | J11: =IFERROR(__xludf.DUMMYFUNCTION("""COMPUTED_VALUE"""),46164.0) -> 46164 | L11: =H11 -> SAKTHIVEL 2 | M11: =I11 -> 5 | N11: =J11+G11+F11 -> 46164 | O11: =IF(L11=0,today()+1,N11) -> 46164 | Q11: VENKADESAN | R11: 6 | S11: 46171 | T11: 46171 | V11: VENKADESAN | Y11: MANIMARAN | Z11: 5 | AB11: =IF($M$2:$M$30=0,$L$2:$L$30,"")
A12: 46093 | B12: VENKADESAN | C12: VISHNUPRIYA | D12: 46093.838 | F12: =IF(COUNTIF(LEAVE!B:B,H:H)>0,TODAY(),"") | G12: =IF(countif(TODAY!$A$18,$H$2:$H999),today(),"") | H12: SATHISH | I12: =COUNTIF($B$3:$B1008,$H$2:$H1008) -> 6 | J12: =IFERROR(__xludf.DUMMYFUNCTION("""COMPUTED_VALUE"""),46172.0) -> 46172 | L12: =H12 -> SATHISH | M12: =I12 -> 6 | N12: =J12+G12+F12 -> 46172 | O12: =IF(L12=0,today()+1,N12) -> 46172 | Q12: SATHISH | R12: 6 | S12: 46172 | T12: 46172 | V12: SATHISH | Y12: PANDI-2 | Z12: 5 | AB12: =IF($M$2:$M$30=0,$L$2:$L$30,"")
A13: 46094 | B13: PANDI-2 | C13: VISHNUPRIYA | D13: 46094.841 | F13: =IF(COUNTIF(LEAVE!B:B,H:H)>0,TODAY(),"") | G13: =IF(countif(TODAY!$A$18,$H$2:$H999),today(),"") | H13: SELVENDRAN | I13: =COUNTIF($B$3:$B1009,$H$2:$H1009) -> 5 | J13: =IFERROR(__xludf.DUMMYFUNCTION("""COMPUTED_VALUE"""),46167.0) -> 46167 | L13: =H13 -> SELVENDRAN | M13: =I13 -> 5 | N13: =J13+G13+F13 -> 46167 | O13: =IF(L13=0,today()+1,N13) -> 46167 | Q13: SYED ABUTHAHIR | R13: 6 | S13: 46174 | T13: 46174 | V13: SYED ABUTHAHIR | Y13: RAJKUMAR | Z13: 5 | AB13: =IF($M$2:$M$30=0,$L$2:$L$30,"")
A14: 46095 | B14: RAJKUMAR | C14: NIVETHA | D14: 46095.797 | F14: =IF(COUNTIF(LEAVE!B:B,H:H)>0,TODAY(),"") | G14: =IF(countif(TODAY!$A$18,$H$2:$H999),today(),"") | H14: SYED ABUTHAHIR | I14: =COUNTIF($B$3:$B1010,$H$2:$H1010) -> 6 | J14: =IFERROR(__xludf.DUMMYFUNCTION("""COMPUTED_VALUE"""),46174.0) -> 46174 | L14: =H14 -> SYED ABUTHAHIR | M14: =I14 -> 6 | N14: =J14+G14+F14 -> 46174 | O14: =IF(L14=0,today()+1,N14) -> 46174 | Q14: BALASUBRAMANIYAN | R14: 7 | S14: 46175 | T14: 46175 | V14: BALASUBRAMANIYAN | Y14: SAKTHIVEL 2 | Z14: 5 | AB14: =IF($M$2:$M$30=0,$L$2:$L$30,"")
A15: 46097 | B15: SAKTHIVEL 2 | C15: NIVETHA | D15: 46097.823 | F15: =IF(COUNTIF(LEAVE!B:B,H:H)>0,TODAY(),"") | G15: =IF(countif(TODAY!$A$18,$H$2:$H999),today(),"") | H15: THAMODARAN | I15: =COUNTIF($B$3:$B1011,$H$2:$H1011) -> 6 | J15: =IFERROR(__xludf.DUMMYFUNCTION("""COMPUTED_VALUE"""),46170.0) -> 46170 | L15: =H15 -> THAMODARAN | M15: =I15 -> 6 | N15: =J15+G15+F15 -> 46170 | O15: =IF(L15=0,today()+1,N15) -> 46170 | Q15: MUTHUKUMAR | R15: 6 | S15: 46176 | T15: 46176 | V15: MUTHUKUMAR | Y15: SELVENDRAN | Z15: 5 | AB15: =IF($M$2:$M$30=0,$L$2:$L$30,"")
A16: 46098 | B16: SELVENDRAN | C16: CHINNAMMAL | D16: 46098.809 | F16: =IF(COUNTIF(LEAVE!B:B,H:H)>0,TODAY(),"") | G16: =IF(countif(TODAY!$A$18,$H$2:$H999),today(),"") | H16: VENKADESAN | I16: =COUNTIF($B$3:$B1012,$H$2:$H1012) -> 6 | J16: =IFERROR(__xludf.DUMMYFUNCTION("""COMPUTED_VALUE"""),46171.0) -> 46171 | L16: =H16 -> VENKADESAN | M16: =I16 -> 6 | N16: =J16+G16+F16 -> 46171 | O16: =IF(L16=0,today()+1,N16) -> 46171 | R16: 0 | S16: 0 | T16: 46178 | Y16: ARULMURUGAN | Z16: 1 | AB16: =IF($M$2:$M$30=0,$L$2:$L$30,"")
A17: 46099 | B17: BALASUBRAMANIYAN | C17: NIVETHA | D17: 46099.801 | F17: =IF(COUNTIF(LEAVE!B:B,H:H)>0,TODAY(),"") | G17: =IF(countif(TODAY!$A$18,$H$2:$H999),today(),"") | I17: =COUNTIF($B$3:$B1013,$H$2:$H1013) -> 0 | L17: =H17 | M17: =I17 -> 0 | N17: =J17+G17+F17 -> 0 | O17: =IF(L17=0,today()+1,N17) -> 46178 | R17: 0 | S17: 0 | T17: 46178 | Z17: 0 | AB17: =IF($M$2:$M$30=0,$L$2:$L$30,"")
A18: 46100 | B18: SATHISH | C18: NIVETHA | D18: 46100.831 | F18: =IF(COUNTIF(LEAVE!B:B,H:H)>0,TODAY(),"") | G18: =IF(countif(TODAY!$A$18,$H$2:$H999),today(),"") | I18: =COUNTIF($B$3:$B1014,$H$2:$H1014) -> 0 | L18: =H18 | M18: =I18 -> 0 | N18: =J18+G18+F18 -> 0 | O18: =IF(L18=0,today()+1,N18) -> 46178 | R18: 0 | S18: 0 | T18: 46178 | Z18: 0 | AB18: =IF($M$2:$M$30=0,$L$2:$L$30,"")
A19: 46101 | B19: SYED ABUTHAHIR | C19: NIVETHA | D19: 46101.829 | F19: =IF(COUNTIF(LEAVE!B:B,H:H)>0,TODAY(),"") | G19: =IF(countif(TODAY!$A$18,$H$2:$H999),today(),"") | I19: =COUNTIF($B$3:$B1015,$H$2:$H1015) -> 0 | L19: =H19 | M19: =I19 -> 0 | N19: =J19+G19+F19 -> 0 | O19: =IF(L19=0,today()+1,N19) -> 46178 | R19: 0 | S19: 0 | T19: 46178 | Z19: 0 | AB19: =IF($M$2:$M$30=0,$L$2:$L$30,"")
A20: 46102 | B20: THAMODARAN | C20: NIVETHA | D20: 46102.842 | F20: =IF(COUNTIF(LEAVE!B:B,H:H)>0,TODAY(),"") | G20: =IF(countif(TODAY!$A$18,$H$2:$H999),today(),"") | I20: =COUNTIF($B$3:$B1016,$H$2:$H1016) -> 0 | L20: =H20 | M20: =I20 -> 0 | N20: =J20+G20+F20 -> 0 | O20: =IF(L20=0,today()+1,N20) -> 46178 | R20: 0 | S20: 0 | T20: 46178 | Z20: 0 | AB20: =IF($M$2:$M$30=0,$L$2:$L$30,"")
A21: 46104 | B21: ARIVUNITHI | C21: NIVETHA | D21: 46104.833 | F21: =IF(COUNTIF(LEAVE!B:B,H:H)>0,TODAY(),"") | G21: =IF(countif(TODAY!$A$18,$H$2:$H999),today(),"") | I21: =COUNTIF($B$3:$B1017,$H$2:$H1017) -> 0 | L21: =H21 | M21: =I21 -> 0 | N21: =J21+G21+F21 -> 0 | O21: =IF(L21=0,today()+1,N21) -> 46178 | R21: 0 | S21: 0 | T21: 46178 | Z21: 0 | AB21: =IF($M$2:$M$30=0,$L$2:$L$30,"")
A22: 46105 | B22: MANIMARAN | C22: VISHNUPRIYA | D22: 46105.846 | F22: =IF(COUNTIF(LEAVE!B:B,H:H)>0,TODAY(),"") | G22: =IF(countif(TODAY!$A$18,$H$2:$H999),today(),"") | I22: =COUNTIF($B$3:$B1018,$H$2:$H1018) -> 0 | L22: =H22 | M22: =I22 -> 0 | N22: =J22+G22+F22 -> 0 | O22: =IF(L22=0,today()+1,N22) -> 46178 | R22: 0 | S22: 0 | T22: 46178 | Z22: 0 | AB22: =IF($M$2:$M$30=0,$L$2:$L$30,"")
A23: 46106 | B23: BALAMURUGAN | C23: CHINNAMMAL | D23: 46106.81 | F23: =IF(COUNTIF(LEAVE!B:B,H:H)>0,TODAY(),"") | G23: =IF(countif(TODAY!$A$18,$H$2:$H999),today(),"") | I23: =COUNTIF($B$3:$B1019,$H$2:$H1019) -> 0 | L23: =H23 | M23: =I23 -> 0 | N23: =J23+G23+F23 -> 0 | O23: =IF(L23=0,today()+1,N23) -> 46178 | R23: 0 | S23: 0 | T23: 46178 | Z23: 0 | AB23: =IF($M$2:$M$30=0,$L$2:$L$30,"")
A24: 46107 | B24: MUTHUKUMAR | C24: NIVETHA | D24: 46107.829 | F24: =IF(COUNTIF(LEAVE!B:B,H:H)>0,TODAY(),"") | G24: =IF(countif(TODAY!$A$18,$H$2:$H999),today(),"") | I24: =COUNTIF($B$3:$B1020,$H$2:$H1020) -> 0 | L24: =H24 | M24: =I24 -> 0 | N24: =J24+G24+F24 -> 0 | O24: =IF(L24=0,today()+1,N24) -> 46178 | R24: 0 | S24: 0 | T24: 46178 | Z24: 0 | AB24: =IF($M$2:$M$30=0,$L$2:$L$30,"")
A25: 46108 | B25: VENKADESAN | C25: NIVETHA | D25: 46108.814 | F25: =IF(COUNTIF(LEAVE!B:B,H:H)>0,TODAY(),"") | G25: =IF(countif(TODAY!$A$18,$H$2:$H999),today(),"") | I25: =COUNTIF($B$3:$B1021,$H$2:$H1021) -> 0 | L25: =H25 | M25: =I25 -> 0 | N25: =J25+G25+F25 -> 0 | O25: =IF(L25=0,today()+1,N25) -> 46178 | R25: 0 | S25: 0 | T25: 46178 | Z25: 0 | AB25: =IF($M$2:$M$30=0,$L$2:$L$30,"")
A26: 46109 | B26: KOLANCHIYAPPAN | C26: CHINNAMMAL | D26: 46109.804 | F26: =IF(COUNTIF(LEAVE!B:B,H:H)>0,TODAY(),"") | G26: =IF(countif(TODAY!$A$18,$H$2:$H999),today(),"") | I26: =COUNTIF($B$3:$B1022,$H$2:$H1022) -> 0 | L26: =H26 | M26: =I26 -> 0 | N26: =J26+G26+F26 -> 0 | O26: =IF(L26=0,today()+1,N26) -> 46178 | R26: 0 | S26: 0 | T26: 46178 | Z26: 0 | AB26: =IF($M$2:$M$30=0,$L$2:$L$30,"")
A27: 46111 | B27: PANDI-2 | C27: CHINNAMMAL | D27: 46111.847 | F27: =IF(COUNTIF(LEAVE!B:B,H:H)>0,TODAY(),"") | G27: =IF(countif(TODAY!$A$18,$H$2:$H999),today(),"") | I27: =COUNTIF($B$3:$B1023,$H$2:$H1023) -> 0 | L27: =H27 | M27: =I27 -> 0 | N27: =J27+G27+F27 -> 0 | O27: =IF(L27=0,today()+1,N27) -> 46178 | R27: 0 | S27: 0 | T27: 46178 | Z27: 0
A28: 46112 | B28: SAKTHIVEL 2 | C28: CHINNAMMAL | D28: 46112.82 | F28: =IF(COUNTIF(LEAVE!B:B,H:H)>0,TODAY(),"") | G28: =IF(countif(TODAY!$A$18,$H$2:$H999),today(),"") | I28: =COUNTIF($B$3:$B1024,$H$2:$H1024) -> 0 | L28: =H28 | M28: =I28 -> 0 | N28: =J28+G28+F28 -> 0 | O28: =IF(L28=0,today()+1,N28) -> 46178 | R28: 0 | S28: 0 | T28: 46178 | Z28: 0
A29: 46113 | B29: RAJKUMAR | C29: NIVETHA | D29: 46113.824 | F29: =IF(COUNTIF(LEAVE!B:B,H:H)>0,TODAY(),"") | G29: =IF(countif(TODAY!$A$18,$H$2:$H999),today(),"") | I29: =COUNTIF($B$3:$B1025,$H$2:$H1025) -> 0 | L29: =H29 | M29: =I29 -> 0 | N29: =J29+G29+F29 -> 0 | O29: =IF(L29=0,today()+1,N29) -> 46178 | R29: 0 | S29: 0 | T29: 46178
A30: 46114 | B30: SELVENDRAN | F30: =IF(COUNTIF(LEAVE!B:B,H:H)>0,TODAY(),"") | G30: =IF(countif(TODAY!$A$18,$H$2:$H999),today(),"") | I30: =COUNTIF($B$3:$B1026,$H$2:$H1026) -> 0 | M30: =I30 -> 0 | N30: =J30+G30+F30 -> 0 | O30: =IF(L30=0,today()+1,N30) -> 46178 | Q30: ARIVUNITHI | R30: 5 | S30: 92334 | T30: 92334
A31: 46115 | B31: BALASUBRAMANIYAN | C31: NIVETHA | D31: 46115.828
A32: 46116 | B32: SATHISH | C32: NIVETHA | D32: 46116.828 | F32: =IF(COUNTIF(LEAVE!B:B,H:H)>0,TODAY(),"")
A33: 46118 | B33: THAMODARAN | C33: NIVETHA | D33: 46118.809 | F33: =IF(COUNTIF(LEAVE!B:B,H:H)>0,TODAY(),"")
A34: 46119 | B34: MANIMARAN | C34: VISHNUPRIYA | D34: 46119.807 | F34: =IF(COUNTIF(LEAVE!B:B,H:H)>0,TODAY(),"")
A35: 46120 | B35: SYED ABUTHAHIR | C35: CHINNAMMAL | D35: 46120.813 | F35: =IF(COUNTIF(LEAVE!B:B,H:H)>0,TODAY(),"")
A36: 46121 | B36: ARIVUNITHI | C36: MUTHUKUMAR | D36: 46121.837 | F36: =IF(COUNTIF(LEAVE!B:B,H:H)>0,TODAY(),"")
A37: 46122 | B37: BALAMURUGAN | C37: CHINNAMMAL | D37: 46122.821 | F37: =IF(COUNTIF(LEAVE!B:B,H:H)>0,TODAY(),"")
A38: 46123 | B38: MUTHUKUMAR | C38: CHINNAMMAL | D38: 46123.828 | F38: =IF(COUNTIF(LEAVE!B:B,H:H)>0,TODAY(),"")
A39: 46125 | B39: VENKADESAN | C39: NIVETHA | D39: 46125.84 | F39: =IF(COUNTIF(LEAVE!B:B,H:H)>0,TODAY(),"")
A40: 46126 | B40: KOLANCHIYAPPAN | C40: VISHNUPRIYA | D40: 46126.826 | F40: =IF(COUNTIF(LEAVE!B:B,H:H)>0,TODAY(),"")
A41: 46127 | B41: SELVENDRAN | C41: NIVETHA | D41: 46127.841 | F41: =IF(COUNTIF(LEAVE!B:B,H:H)>0,TODAY(),"")
A42: 46128 | B42: PANDI-2 | C42: CHINNAMMAL | D42: 46128.809 | F42: =IF(COUNTIF(LEAVE!B:B,H:H)>0,TODAY(),"")
A43: 46129 | B43: SAKTHIVEL 2 | C43: CHINNAMMAL | D43: 46129.839 | F43: =IF(COUNTIF(LEAVE!B:B,H:H)>0,TODAY(),"")
A44: 46130 | B44: RAJKUMAR | C44: CHINNAMMAL | D44: 46130.835 | F44: =IF(COUNTIF(LEAVE!B:B,H:H)>0,TODAY(),"")
A45: 46132 | B45: BALASUBRAMANIYAN | F45: =IF(COUNTIF(LEAVE!B:B,H:H)>0,TODAY(),"")
A46: 46133 | B46: SATHISH | C46: CHINNAMMAL | D46: 46133.808 | F46: =IF(COUNTIF(LEAVE!B:B,H:H)>0,TODAY(),"")
A47: 46134 | B47: THAMODARAN | C47: VISHNUPRIYA | D47: 46134.839 | F47: =IF(COUNTIF(LEAVE!B:B,H:H)>0,TODAY(),"")
A48: 46136 | B48: SYED ABUTHAHIR | C48: CHINNAMMAL | D48: 46136.833 | F48: =IF(COUNTIF(LEAVE!B:B,H:H)>0,TODAY(),"")
A49: 46137 | B49: MANIMARAN | C49: VISHNUPRIYA | D49: 46137.84 | F49: =IF(COUNTIF(LEAVE!B:B,H:H)>0,TODAY(),"")
A50: 46139 | B50: ARIVUNITHI | C50: CHINNAMMAL | D50: 46139.825 | F50: =IF(COUNTIF(LEAVE!B:B,H:H)>0,TODAY(),"")
A51: 46140 | B51: MUTHUKUMAR | C51: CHINNAMMAL | D51: 46140.822 | F51: =IF(COUNTIF(LEAVE!B:B,H:H)>0,TODAY(),"")
A52: 46141 | B52: VENKADESAN | C52: NIVETHA | D52: 46141.838 | F52: =IF(COUNTIF(LEAVE!B:B,H:H)>0,TODAY(),"")
A53: 46142 | B53: KOLANCHIYAPPAN | C53: CHINNAMMAL | D53: 46142.829 | F53: =IF(COUNTIF(LEAVE!B:B,H:H)>0,TODAY(),"")
A54: 46143 | B54: PANDI-2 | C54: VISHNUPRIYA | D54: 46143.834 | F54: =IF(COUNTIF(LEAVE!B:B,H:H)>0,TODAY(),"")
A55: 46144 | B55: SAKTHIVEL 2 | C55: NIVETHA | D55: 46144.829 | F55: =IF(COUNTIF(LEAVE!B:B,H:H)>0,TODAY(),"")
A56: 46146 | B56: BALAMURUGAN | C56: CHINNAMMAL | D56: 46146.827 | F56: =IF(COUNTIF(LEAVE!B:B,H:H)>0,TODAY(),"")
A57: 46147 | B57: SELVENDRAN | C57: NIVETHA | D57: 46147.848 | F57: =IF(COUNTIF(LEAVE!B:B,H:H)>0,TODAY(),"")
... A61: 46151 | B61: THAMODARAN | C61: CHINNAMMAL | D61: 46151.839 | F61: =IF(COUNTIF(LEAVE!B:B,H:H)>0,TODAY(),"")
A62: 46155 | B62: SYED ABUTHAHIR | F62: =IF(COUNTIF(LEAVE!B:B,H:H)>0,TODAY(),"")
A63: 46156 | B63: MANIMARAN | F63: =IF(COUNTIF(LEAVE!B:B,H:H)>0,TODAY(),"")
A64: 46157 | B64: ARIVUNITHI | F64: =IF(COUNTIF(LEAVE!B:B,H:H)>0,TODAY(),"")
A65: 46158 | B65: VENKADESAN | C65: NIVETHA | D65: 46158.838 | F65: =IF(COUNTIF(LEAVE!B:B,H:H)>0,TODAY(),"")
A66: 46160 | B66: MUTHUKUMAR | C66: NIVETHA | D66: 46160.832 | F66: =IF(COUNTIF(LEAVE!B:B,H:H)>0,TODAY(),"")
A67: 46161 | B67: ARULMURUGAN | C67: NIVETHA | D67: 46161.828 | F67: =IF(COUNTIF(LEAVE!B:B,H:H)>0,TODAY(),"")
A68: 46162 | B68: KOLANCHIYAPPAN | F68: =IF(COUNTIF(LEAVE!B:B,H:H)>0,TODAY(),"")
A69: 46163 | B69: PANDI-2 | C69: NIVETHA | D69: 46163.829 | F69: =IF(COUNTIF(LEAVE!B:B,H:H)>0,TODAY(),"")
A70: 46164 | B70: SAKTHIVEL 2 | F70: =IF(COUNTIF(LEAVE!B:B,H:H)>0,TODAY(),"")
A71: 46165 | B71: BALAMURUGAN | F71: =IF(COUNTIF(LEAVE!B:B,H:H)>0,TODAY(),"")
A72: 46167 | B72: SELVENDRAN | F72: =IF(COUNTIF(LEAVE!B:B,H:H)>0,TODAY(),"")
A73: 46168 | B73: BALASUBRAMANIYAN | F73: =IF(COUNTIF(LEAVE!B:B,H:H)>0,TODAY(),"")
A74: 46169 | B74: RAJKUMAR | F74: =IF(COUNTIF(LEAVE!B:B,H:H)>0,TODAY(),"")
A75: 46170 | B75: THAMODARAN | F75: =IF(COUNTIF(LEAVE!B:B,H:H)>0,TODAY(),"")
A76: 46171 | B76: VENKADESAN | F76: =IF(COUNTIF(LEAVE!B:B,H:H)>0,TODAY(),"")
A77: 46172 | B77: SATHISH | F77: =IF(COUNTIF(LEAVE!B:B,H:H)>0,TODAY(),"")
A78: 46174 | B78: SYED ABUTHAHIR | F78: =IF(COUNTIF(LEAVE!B:B,H:H)>0,TODAY(),"")
A79: 46175 | B79: BALASUBRAMANIYAN | F79: =IF(COUNTIF(LEAVE!B:B,H:H)>0,TODAY(),"")
A80: 46176 | B80: MUTHUKUMAR | F80: =IF(COUNTIF(LEAVE!B:B,H:H)>0,TODAY(),"")
F81: =IF(COUNTIF(LEAVE!B:B,H:H)>0,TODAY(),"")
F82: =IF(COUNTIF(LEAVE!B:B,H:H)>0,TODAY(),"")
F83: =IF(COUNTIF(LEAVE!B:B,H:H)>0,TODAY(),"")
F84: =IF(COUNTIF(LEAVE!B:B,H:H)>0,TODAY(),"")
F85: =IF(COUNTIF(LEAVE!B:B,H:H)>0,TODAY(),"")
F86: =IF(COUNTIF(LEAVE!B:B,H:H)>0,TODAY(),"")
F87: =IF(COUNTIF(LEAVE!B:B,H:H)>0,TODAY(),"")
F88: =IF(COUNTIF(LEAVE!B:B,H:H)>0,TODAY(),"")
F89: =IF(COUNTIF(LEAVE!B:B,H:H)>0,TODAY(),"")
F90: =IF(COUNTIF(LEAVE!B:B,H:H)>0,TODAY(),"")
F91: =IF(COUNTIF(LEAVE!B:B,H:H)>0,TODAY(),"")
F92: =IF(COUNTIF(LEAVE!B:B,H:H)>0,TODAY(),"")
... F521: =IF(COUNTIF(LEAVE!B:B,H:H)>0,TODAY(),"")

Sheet DOOR CLOSING
A1: MORNING SHOP CLOSING
A2: DATE | B2: NAME | C2: ENTRY BY | D2: DATE & TIME | F2: =IF(COUNTIF(LEAVE!B:B,H:H)>0,TODAY(),"") | G2: =IF(countif(TODAY!$C$28:C$29,$H$2:$H997),today(),"") | H2: {=STAFFS!C2:C997} -> ARIVUNITHI | I2: {=COUNTIF($B$3:$B997,$H$2:$H997)} -> 11 | J2: =IFERROR(__xludf.DUMMYFUNCTION("ARRAYFORMULA( IFERROR( IF( $H$2:$H997 = ""PANDIKUMAR"", VLOOKUP($H$2:$H997, QUERY($A$3:$B997, ""select B, max(A) group by B"", 0), 2, FALSE)-3.5, VLOOKUP($H$2:$H997, QUERY($A$3:$B997, ""select B, max(A) group by B"", 0), 2, FALSE) "&" ) ) ) "),46172.0) -> 46172 | L2: =H2 -> ARIVUNITHI | M2: =I2 -> 11 | N2: =J2+G2+F2 -> 46172 | O2: =IF(L2=0,today()+1,N2) -> 46172 | Q2: {=SORT(L2:O997,4,TRUE)} -> SAKTHIVEL 2 | R2: 11 | S2: 46169 | T2: 46169 | V2: {=SORT(Q2:T997,4,true)} -> SAKTHIVEL 2 | X2: {=SORT(Q2:T8,2,true)} -> ARULMURUGAN | Y2: {=SORT(H2:I28,2,FALSE)} -> PANDIKUMAR | Z2: 21 | AB2: =IF($M$2:$M$30=0,$L$2:$L$30,"")
A3: 46082 | B3: BALASUBRAMANIYAN | F3: =IF(COUNTIF(LEAVE!B:B,H:H)>0,TODAY(),"") | G3: =IF(countif(TODAY!$C$28:C$29,$H$2:$H997),today(),"") | H3: ARULMURUGAN | I3: =COUNTIF($B$3:$B997,$H$2:$H997) -> 2 | J3: =IFERROR(__xludf.DUMMYFUNCTION("""COMPUTED_VALUE"""),46170.0) -> 46170 | L3: =H3 -> ARULMURUGAN | M3: =I3 -> 2 | N3: =J3+G3+F3 -> 46170 | O3: =IF(L3=0,today()+1,N3) -> 46170 | Q3: ARULMURUGAN | R3: 2 | S3: 46170 | T3: 46170 | V3: ARULMURUGAN | X3: BALASUBRAMANI | Y3: KOLANCHIYAPPAN | Z3: 12 | AB3: =IF($M$2:$M$30=0,$L$2:$L$30,"")
A4: 46082 | B4: VENKADESAN | F4: =IF(COUNTIF(LEAVE!B:B,H:H)>0,TODAY(),"") | G4: =IF(countif(TODAY!$C$28:C$29,$H$2:$H997),today(),"") | H4: BALAMURUGAN | I4: =COUNTIF($B$3:$B998,$H$2:$H998) -> 11 | J4: =IFERROR(__xludf.DUMMYFUNCTION("""COMPUTED_VALUE"""),46173.0) -> 46173 | L4: =H4 -> BALAMURUGAN | M4: =I4 -> 11 | N4: =J4+G4+F4 -> 46173 | O4: =IF(L4=0,today()+1,N4) -> 46173 | Q4: BALASUBRAMANI | R4: 3 | S4: 46170 | T4: 46170 | V4: BALASUBRAMANI | X4: SYED ABUTHAHIR | Y4: PARIMANAM | Z4: 12 | AB4: =IF($M$2:$M$30=0,$L$2:$L$30,"")
A5: 46083 | B5: PARIMANAM | F5: =IF(COUNTIF(LEAVE!B:B,H:H)>0,TODAY(),"") | G5: =IF(countif(TODAY!$C$28:C$29,$H$2:$H997),today(),"") | H5: BALASUBRAMANI | I5: =COUNTIF($B$3:$B999,$H$2:$H999) -> 3 | J5: =IFERROR(__xludf.DUMMYFUNCTION("""COMPUTED_VALUE"""),46170.0) -> 46170 | L5: =H5 -> BALASUBRAMANI | M5: =I5 -> 3 | N5: =J5+G5+F5 -> 46170 | O5: =IF(L5=0,today()+1,N5) -> 46170 | Q5: PANDIKUMAR | R5: 21 | S5: 46170.5 | T5: 46170.5 | V5: PANDIKUMAR | X5: SAKTHIVEL 2 | Y5: RAJKUMAR | Z5: 12 | AB5: =IF($M$2:$M$30=0,$L$2:$L$30,"")
A6: 46083 | B6: RAJKUMAR | F6: =IF(COUNTIF(LEAVE!B:B,H:H)>0,TODAY(),"") | G6: =IF(countif(TODAY!$C$28:C$29,$H$2:$H997),today(),"") | H6: KOLANCHIYAPPAN | I6: =COUNTIF($B$3:$B1000,$H$2:$H1000) -> 12 | J6: =IFERROR(__xludf.DUMMYFUNCTION("""COMPUTED_VALUE"""),46173.0) -> 46173 | L6: =H6 -> KOLANCHIYAPPAN | M6: =I6 -> 12 | N6: =J6+G6+F6 -> 46173 | O6: =IF(L6=0,today()+1,N6) -> 46173 | Q6: SYED ABUTHAHIR | R6: 8 | S6: 46171 | T6: 46171 | V6: SYED ABUTHAHIR | X6: ARIVUNITHI | Y6: VENKADESAN | Z6: 12 | AB6: =IF($M$2:$M$30=0,$L$2:$L$30,"")
A7: 46084 | B7: KOLANCHIYAPPAN | F7: =IF(COUNTIF(LEAVE!B:B,H:H)>0,TODAY(),"") | G7: =IF(countif(TODAY!$C$28:C$29,$H$2:$H997),today(),"") | H7: MANIMARAN | I7: =COUNTIF($B$3:$B1001,$H$2:$H1001) -> 11 | J7: =IFERROR(__xludf.DUMMYFUNCTION("""COMPUTED_VALUE"""),46198.0) -> 46198 | L7: =H7 -> MANIMARAN | M7: =I7 -> 11 | N7: =J7+G7+F7 -> 46198 | O7: =IF(L7=0,today()+1,N7) -> 46198 | Q7: VENKADESAN | R7: 12 | S7: 46171 | T7: 46171 | V7: VENKADESAN | X7: VENKADESAN | Y7: ARIVUNITHI | Z7: 11 | AB7: =IF($M$2:$M$30=0,$L$2:$L$30,"")
A8: 46084 | B8: SATHISH | F8: =IF(COUNTIF(LEAVE!B:B,H:H)>0,TODAY(),"") | G8: =IF(countif(TODAY!$C$28:C$29,$H$2:$H997),today(),"") | H8: MUTHUKUMAR | I8: =COUNTIF($B$3:$B1002,$H$2:$H1002) -> 11 | J8: =IFERROR(__xludf.DUMMYFUNCTION("""COMPUTED_VALUE"""),46174.0) -> 46174 | L8: =H8 -> MUTHUKUMAR | M8: =I8 -> 11 | N8: =J8+G8+F8 -> 46174 | O8: =IF(L8=0,today()+1,N8) -> 46174 | Q8: ARIVUNITHI | R8: 11 | S8: 46172 | T8: 46172 | V8: ARIVUNITHI | X8: PANDIKUMAR | Y8: BALAMURUGAN | Z8: 11 | AB8: =IF($M$2:$M$30=0,$L$2:$L$30,"")
A9: 46085 | B9: PANDIKUMAR | F9: =IF(COUNTIF(LEAVE!B:B,H:H)>0,TODAY(),"") | G9: =IF(countif(TODAY!$C$28:C$29,$H$2:$H997),today(),"") | H9: PANDI-2 | I9: =COUNTIF($B$3:$B1003,$H$2:$H1003) -> 11 | J9: =IFERROR(__xludf.DUMMYFUNCTION("""COMPUTED_VALUE"""),46175.0) -> 46175 | L9: =H9 -> PANDI-2 | M9: =I9 -> 11 | N9: =J9+G9+F9 -> 46175 | O9: =IF(L9=0,today()+1,N9) -> 46175 | Q9: THAMODARAN | R9: 11 | S9: 46172 | T9: 46172 | V9: THAMODARAN | Y9: MANIMARAN | Z9: 11 | AB9: =IF($M$2:$M$30=0,$L$2:$L$30,"")
A10: 46085 | B10: SAKTHIVEL 2 | F10: =IF(COUNTIF(LEAVE!B:B,H:H)>0,TODAY(),"") | G10: =IF(countif(TODAY!$C$28:C$29,$H$2:$H997),today(),"") | H10: PANDIKUMAR | I10: =COUNTIF($B$3:$B1004,$H$2:$H1004) -> 21 | J10: =IFERROR(__xludf.DUMMYFUNCTION("""COMPUTED_VALUE"""),46170.5) -> 46170.5 | L10: =H10 -> PANDIKUMAR | M10: =I10 -> 21 | N10: =J10+G10+F10 -> 46170.5 | O10: =IF(L10=0,today()+1,N10) -> 46170.5 | Q10: BALAMURUGAN | R10: 11 | S10: 46173 | T10: 46173 | V10: BALAMURUGAN | Y10: MUTHUKUMAR | Z10: 11 | AB10: =IF($M$2:$M$30=0,$L$2:$L$30,"")
A11: 46086 | B11: ARIVUNITHI | C11: NIVETHA | D11: 46086.833 | F11: =IF(COUNTIF(LEAVE!B:B,H:H)>0,TODAY(),"") | G11: =IF(countif(TODAY!$C$28:C$29,$H$2:$H997),today(),"") | H11: PARIMANAM | I11: =COUNTIF($B$3:$B1005,$H$2:$H1005) -> 12 | J11: =IFERROR(__xludf.DUMMYFUNCTION("""COMPUTED_VALUE"""),46176.0) -> 46176 | L11: =H11 -> PARIMANAM | M11: =I11 -> 12 | N11: =J11+G11+F11 -> 46176 | O11: =IF(L11=0,today()+1,N11) -> 46176 | Q11: KOLANCHIYAPPAN | R11: 12 | S11: 46173 | T11: 46173 | V11: KOLANCHIYAPPAN | Y11: PANDI-2 | Z11: 11 | AB11: =IF($M$2:$M$30=0,$L$2:$L$30,"")
A12: 46086 | B12: MANIMARAN | C12: NIVETHA | D12: 46086.833 | F12: =IF(COUNTIF(LEAVE!B:B,H:H)>0,TODAY(),"") | G12: =IF(countif(TODAY!$C$28:C$29,$H$2:$H997),today(),"") | H12: RAJKUMAR | I12: =COUNTIF($B$3:$B1006,$H$2:$H1006) -> 12 | J12: =IFERROR(__xludf.DUMMYFUNCTION("""COMPUTED_VALUE"""),46176.0) -> 46176 | L12: =H12 -> RAJKUMAR | M12: =I12 -> 12 | N12: =J12+G12+F12 -> 46176 | O12: =IF(L12=0,today()+1,N12) -> 46176 | Q12: MUTHUKUMAR | R12: 11 | S12: 46174 | T12: 46174 | V12: MUTHUKUMAR | Y12: SAKTHIVEL 2 | Z12: 11 | AB12: =IF($M$2:$M$30=0,$L$2:$L$30,"")
A13: 46087 | B13: BALAMURUGAN | C13: NIVETHA | D13: 46087.78 | F13: =IF(COUNTIF(LEAVE!B:B,H:H)>0,TODAY(),"") | G13: =IF(countif(TODAY!$C$28:C$29,$H$2:$H997),today(),"") | H13: SAKTHIVEL 2 | I13: =COUNTIF($B$3:$B1007,$H$2:$H1007) -> 11 | J13: =IFERROR(__xludf.DUMMYFUNCTION("""COMPUTED_VALUE"""),46169.0) -> 46169 | L13: =H13 -> SAKTHIVEL 2 | M13: =I13 -> 11 | N13: =J13+G13+F13 -> 46169 | O13: =IF(L13=0,today()+1,N13) -> 46169 | Q13: PANDI-2 | R13: 11 | S13: 46175 | T13: 46175 | V13: PANDI-2 | Y13: SATHISH | Z13: 11 | AB13: =IF($M$2:$M$30=0,$L$2:$L$30,"")
A14: 46087 | B14: MUTHUKUMAR | C14: NIVETHA | D14: 46087.78 | F14: =IF(COUNTIF(LEAVE!B:B,H:H)>0,TODAY(),"") | G14: =IF(countif(TODAY!$C$28:C$29,$H$2:$H997),today(),"") | H14: SATHISH | I14: =COUNTIF($B$3:$B1008,$H$2:$H1008) -> 11 | J14: =IFERROR(__xludf.DUMMYFUNCTION("""COMPUTED_VALUE"""),46198.0) -> 46198 | L14: =H14 -> SATHISH | M14: =I14 -> 11 | N14: =J14+G14+F14 -> 46198 | O14: =IF(L14=0,today()+1,N14) -> 46198 | Q14: SELVENDRAN | R14: 10 | S14: 46175 | T14: 46175 | V14: SELVENDRAN | Y14: THAMODARAN | Z14: 11 | AB14: =IF($M$2:$M$30=0,$L$2:$L$30,"")
A15: 46088 | B15: PANDI-2 | C15: NIVETHA | D15: 46088.829 | F15: =IF(COUNTIF(LEAVE!B:B,H:H)>0,TODAY(),"") | G15: =IF(countif(TODAY!$C$28:C$29,$H$2:$H997),today(),"") | H15: SELVENDRAN | I15: =COUNTIF($B$3:$B1009,$H$2:$H1009) -> 10 | J15: =IFERROR(__xludf.DUMMYFUNCTION("""COMPUTED_VALUE"""),46175.0) -> 46175 | L15: =H15 -> SELVENDRAN | M15: =I15 -> 10 | N15: =J15+G15+F15 -> 46175 | O15: =IF(L15=0,today()+1,N15) -> 46175 | Q15: PARIMANAM | R15: 12 | S15: 46176 | T15: 46176 | V15: PARIMANAM | Y15: SELVENDRAN | Z15: 10 | AB15: =IF($M$2:$M$30=0,$L$2:$L$30,"")
A16: 46088 | B16: SELVENDRAN | C16: NIVETHA | D16: 46088.829 | F16: =IF(COUNTIF(LEAVE!B:B,H:H)>0,TODAY(),"") | G16: =IF(countif(TODAY!$C$28:C$29,$H$2:$H997),today(),"") | H16: SYED ABUTHAHIR | I16: =COUNTIF($B$3:$B1010,$H$2:$H1010) -> 8 | J16: =IFERROR(__xludf.DUMMYFUNCTION("""COMPUTED_VALUE"""),46171.0) -> 46171 | L16: =H16 -> SYED ABUTHAHIR | M16: =I16 -> 8 | N16: =J16+G16+F16 -> 46171 | O16: =IF(L16=0,today()+1,N16) -> 46171 | Q16: RAJKUMAR | R16: 12 | S16: 46176 | T16: 46176 | V16: RAJKUMAR | Y16: SYED ABUTHAHIR | Z16: 8 | AB16: =IF($M$2:$M$30=0,$L$2:$L$30,"")
A17: 46089 | B17: PANDIKUMAR | C17: NIVETHA | D17: 46089.837 | F17: =IF(COUNTIF(LEAVE!B:B,H:H)>0,TODAY(),"") | G17: =IF(countif(TODAY!$C$28:C$29,$H$2:$H997),today(),"") | H17: THAMODARAN | I17: =COUNTIF($B$3:$B1011,$H$2:$H1011) -> 11 | J17: =IFERROR(__xludf.DUMMYFUNCTION("""COMPUTED_VALUE"""),46172.0) -> 46172 | L17: =H17 -> THAMODARAN | M17: =I17 -> 11 | N17: =J17+G17+F17 -> 46172 | O17: =IF(L17=0,today()+1,N17) -> 46172 | R17: 0 | S17: 0 | T17: 46178 | Y17: BALASUBRAMANI | Z17: 3 | AB17: =IF($M$2:$M$30=0,$L$2:$L$30,"")
A18: 46089 | B18: THAMODARAN | C18: NIVETHA | D18: 46089.837 | F18: =IF(COUNTIF(LEAVE!B:B,H:H)>0,TODAY(),"") | G18: =IF(countif(TODAY!$C$28:C$29,$H$2:$H997),today(),"") | H18: VENKADESAN | I18: =COUNTIF($B$3:$B1012,$H$2:$H1012) -> 12 | J18: =IFERROR(__xludf.DUMMYFUNCTION("""COMPUTED_VALUE"""),46171.0) -> 46171 | L18: =H18 -> VENKADESAN | M18: =I18 -> 12 | N18: =J18+G18+F18 -> 46171 | O18: =IF(L18=0,today()+1,N18) -> 46171 | R18: 0 | S18: 0 | T18: 46178 | Y18: ARULMURUGAN | Z18: 2 | AB18: =IF($M$2:$M$30=0,$L$2:$L$30,"")
A19: 46090 | B19: BALASUBRAMANIYAN | C19: NIVETHA | D19: 46090.835 | F19: =IF(COUNTIF(LEAVE!B:B,H:H)>0,TODAY(),"") | G19: =IF(countif(TODAY!$C$28:C$29,$H$2:$H997),today(),"") | I19: =COUNTIF($B$3:$B1013,$H$2:$H1013) -> 0 | L19: =H19 | M19: =I19 -> 0 | N19: =J19+G19+F19 -> 0 | O19: =IF(L19=0,today()+1,N19) -> 46178 | R19: 0 | S19: 0 | T19: 46178 | Z19: 0 | AB19: =IF($M$2:$M$30=0,$L$2:$L$30,"")
A20: 46090 | B20: VENKADESAN | C20: NIVETHA | D20: 46090.835 | F20: =IF(COUNTIF(LEAVE!B:B,H:H)>0,TODAY(),"") | G20: =IF(countif(TODAY!$C$28:C$29,$H$2:$H997),today(),"") | I20: =COUNTIF($B$3:$B1014,$H$2:$H1014) -> 0 | L20: =H20 | M20: =I20 -> 0 | N20: =J20+G20+F20 -> 0 | O20: =IF(L20=0,today()+1,N20) -> 46178 | R20: 0 | S20: 0 | T20: 46178 | Z20: 0 | AB20: =IF($M$2:$M$30=0,$L$2:$L$30,"")
A21: 46091 | B21: KOLANCHIYAPPAN | C21: VISHNUPRIYA | D21: 46091.839 | F21: =IF(COUNTIF(LEAVE!B:B,H:H)>0,TODAY(),"") | G21: =IF(countif(TODAY!$C$28:C$29,$H$2:$H997),today(),"") | I21: =COUNTIF($B$3:$B1015,$H$2:$H1015) -> 0 | L21: =H21 | M21: =I21 -> 0 | N21: =J21+G21+F21 -> 0 | O21: =IF(L21=0,today()+1,N21) -> 46178 | R21: 0 | S21: 0 | T21: 46178 | Z21: 0 | AB21: =IF($M$2:$M$30=0,$L$2:$L$30,"")
A22: 46091 | B22: PARIMANAM | C22: VISHNUPRIYA | D22: 46091.839 | F22: =IF(COUNTIF(LEAVE!B:B,H:H)>0,TODAY(),"") | G22: =IF(countif(TODAY!$C$28:C$29,$H$2:$H997),today(),"") | I22: =COUNTIF($B$3:$B1016,$H$2:$H1016) -> 0 | L22: =H22 | M22: =I22 -> 0 | N22: =J22+G22+F22 -> 0 | O22: =IF(L22=0,today()+1,N22) -> 46178 | R22: 0 | S22: 0 | T22: 46178 | Z22: 0 | AB22: =IF($M$2:$M$30=0,$L$2:$L$30,"")
A23: 46092 | B23: PANDIKUMAR | C23: NIVETHA | D23: 46092.83 | F23: =IF(COUNTIF(LEAVE!B:B,H:H)>0,TODAY(),"") | G23: =IF(countif(TODAY!$C$28:C$29,$H$2:$H997),today(),"") | I23: =COUNTIF($B$3:$B1017,$H$2:$H1017) -> 0 | L23: =H23 | M23: =I23 -> 0 | N23: =J23+G23+F23 -> 0 | O23: =IF(L23=0,today()+1,N23) -> 46178 | R23: 0 | S23: 0 | T23: 46178 | Z23: 0 | AB23: =IF($M$2:$M$30=0,$L$2:$L$30,"")
A24: 46092 | B24: SATHISH | C24: NIVETHA | D24: 46092.83 | F24: =IF(COUNTIF(LEAVE!B:B,H:H)>0,TODAY(),"") | G24: =IF(countif(TODAY!$C$28:C$29,$H$2:$H997),today(),"") | I24: =COUNTIF($B$3:$B1018,$H$2:$H1018) -> 0 | L24: =H24 | M24: =I24 -> 0 | N24: =J24+G24+F24 -> 0 | O24: =IF(L24=0,today()+1,N24) -> 46178 | R24: 0 | S24: 0 | T24: 46178 | Z24: 0 | AB24: =IF($M$2:$M$30=0,$L$2:$L$30,"")
A25: 46093 | B25: ARIVUNITHI | C25: VISHNUPRIYA | D25: 46093.838 | F25: =IF(COUNTIF(LEAVE!B:B,H:H)>0,TODAY(),"") | G25: =IF(countif(TODAY!$C$28:C$29,$H$2:$H997),today(),"") | I25: =COUNTIF($B$3:$B1019,$H$2:$H1019) -> 0 | L25: =H25 | M25: =I25 -> 0 | N25: =J25+G25+F25 -> 0 | O25: =IF(L25=0,today()+1,N25) -> 46178 | R25: 0 | S25: 0 | T25: 46178 | Z25: 0 | AB25: =IF($M$2:$M$30=0,$L$2:$L$30,"")
A26: 46093 | B26: RAJKUMAR | C26: VISHNUPRIYA | D26: 46093.838 | F26: =IF(COUNTIF(LEAVE!B:B,H:H)>0,TODAY(),"") | G26: =IF(countif(TODAY!$C$28:C$29,$H$2:$H997),today(),"") | I26: =COUNTIF($B$3:$B1020,$H$2:$H1020) -> 0 | L26: =H26 | M26: =I26 -> 0 | N26: =J26+G26+F26 -> 0 | O26: =IF(L26=0,today()+1,N26) -> 46178 | R26: 0 | S26: 0 | T26: 46178 | Z26: 0 | AB26: =IF($M$2:$M$30=0,$L$2:$L$30,"")
A27: 46094 | B27: MANIMARAN | C27: VISHNUPRIYA | D27: 46094.842 | F27: =IF(COUNTIF(LEAVE!B:B,H:H)>0,TODAY(),"") | G27: =IF(countif(TODAY!$C$28:C$29,$H$2:$H997),today(),"") | I27: =COUNTIF($B$3:$B1021,$H$2:$H1021) -> 0 | L27: =H27 | M27: =I27 -> 0 | N27: =J27+G27+F27 -> 0 | O27: =IF(L27=0,today()+1,N27) -> 46178 | R27: 0 | S27: 0 | T27: 46178 | Z27: 0
A28: 46094 | B28: SAKTHIVEL 2 | C28: VISHNUPRIYA | D28: 46094.842 | F28: =IF(COUNTIF(LEAVE!B:B,H:H)>0,TODAY(),"") | G28: =IF(countif(TODAY!$C$28:C$29,$H$2:$H997),today(),"") | I28: =COUNTIF($B$3:$B1022,$H$2:$H1022) -> 0 | L28: =H28 | M28: =I28 -> 0 | N28: =J28+G28+F28 -> 0 | O28: =IF(L28=0,today()+1,N28) -> 46178 | R28: 0 | S28: 0 | T28: 46178 | Z28: 0
A29: 46095 | B29: BALAMURUGAN | C29: NIVETHA | D29: 46095.797 | F29: =IF(COUNTIF(LEAVE!B:B,H:H)>0,TODAY(),"") | G29: =IF(countif(TODAY!$C$28:C$29,$H$2:$H997),today(),"") | I29: =COUNTIF($B$3:$B1023,$H$2:$H1023) -> 0 | L29: =H29 | M29: =I29 -> 0 | N29: =J29+G29+F29 -> 0 | O29: =IF(L29=0,today()+1,N29) -> 46178 | R29: 0 | S29: 0 | T29: 46178
A30: 46095 | B30: MUTHUKUMAR | C30: NIVETHA | D30: 46095.797 | F30: =IF(COUNTIF(LEAVE!B:B,H:H)>0,TODAY(),"") | G30: =IF(countif(TODAY!$C$28:C$29,$H$2:$H997),today(),"") | I30: =COUNTIF($B$3:$B1024,$H$2:$H1024) -> 0 | M30: =I30 -> 0 | N30: =J30+G30+F30 -> 0 | O30: =IF(L30=0,today()+1,N30) -> 46178 | Q30: MANIMARAN | R30: 11 | S30: 46198 | T30: 46198
A31: 46096 | B31: PANDI-2 | C31: VISHNUPRIYA | D31: 46096.817 | F31: =IF(COUNTIF(LEAVE!B:B,H:H)>0,TODAY(),"") | G31: =IF(countif(TODAY!$C$28:C$29,$H$2:$H997),today(),"") | I31: =COUNTIF($B$3:$B1025,$H$2:$H1025) -> 0 | M31: =I31 -> 0 | N31: =J31+G31 -> 0 | O31: =IF(L31=0,today()+1,N31) -> 46178 | Q31: SATHISH | R31: 11 | S31: 46198 | T31: 46198
A32: 46096 | B32: PANDIKUMAR | C32: VISHNUPRIYA | D32: 46096.817
A33: 46097 | B33: SELVENDRAN | C33: NIVETHA | D33: 46097.823
A34: 46097 | B34: THAMODARAN | C34: NIVETHA | D34: 46097.823
A35: 46098 | B35: BALASUBRAMANIYAN | C35: CHINNAMMAL | D35: 46098.809
A36: 46098 | B36: VENKADESAN | C36: CHINNAMMAL | D36: 46098.809
A37: 46099 | B37: KOLANCHIYAPPAN | C37: NIVETHA | D37: 46099.801
A38: 46099 | B38: PARIMANAM | C38: NIVETHA | D38: 46099.801
A39: 46100 | B39: PANDIKUMAR | C39: NIVETHA | D39: 46100.831
A40: 46100 | B40: SATHISH | C40: NIVETHA | D40: 46100.831
A41: 46101 | B41: ARIVUNITHI | C41: NIVETHA | D41: 46101.829
A42: 46101 | B42: RAJKUMAR | C42: NIVETHA | D42: 46101.829
A43: 46102 | B43: PANDIKUMAR
A44: 46102 | B44: SAKTHIVEL 2
A45: 46103 | B45: BALAMURUGAN | C45: VISHNUPRIYA | D45: 46103.81
A46: 46103 | B46: MANIMARAN | C46: VISHNUPRIYA | D46: 46103.81
A47: 46104 | B47: MUTHUKUMAR | C47: NIVETHA | D47: 46104.833
A48: 46104 | B48: PANDI-2 | C48: NIVETHA | D48: 46104.833
A49: 46105 | B49: SELVENDRAN | C49: VISHNUPRIYA | D49: 46105.846
A50: 46105 | B50: THAMODARAN | C50: VISHNUPRIYA | D50: 46105.846
A51: 46106 | B51: PANDIKUMAR | C51: CHINNAMMAL | D51: 46106.81
A52: 46106 | B52: VENKADESAN | C52: CHINNAMMAL | D52: 46106.81
A53: 46107 | B53: PARIMANAM | C53: NIVETHA | D53: 46107.829
A54: 46107 | B54: SATHISH | C54: NIVETHA | D54: 46107.829
A55: 46108 | B55: KOLANCHIYAPPAN | C55: NIVETHA | D55: 46108.814
A56: 46108 | B56: RAJKUMAR | C56: NIVETHA | D56: 46108.814
... A62: 46111 | B62: MANIMARAN | C62: CHINNAMMAL | D62: 46111.847
A63: 46112 | B63: MUTHUKUMAR
A64: 46112 | B64: PANDI-2
A65: 46113 | B65: SELVENDRAN | C65: NIVETHA | D65: 46113.824
A66: 46113 | B66: THAMODARAN | C66: NIVETHA | D66: 46113.824
A67: 46114 | B67: PANDIKUMAR
A68: 46114 | B68: VENKADESAN
A69: 46115 | B69: PARIMANAM | C69: NIVETHA | D69: 46115.828
A70: 46115 | B70: SATHISH | C70: NIVETHA | D70: 46115.828
A71: 46116 | B71: KOLANCHIYAPPAN | C71: NIVETHA | D71: 46116.828
A72: 46116 | B72: RAJKUMAR | C72: NIVETHA | D72: 46116.828
A73: 46117 | B73: SAKTHIVEL 2 | C73: VISHNUPRIYA | D73: 46117.837
A74: 46117 | B74: PANDIKUMAR | C74: VISHNUPRIYA | D74: 46117.837
A75: 46118 | B75: SYED ABUTHAHIR | C75: NIVETHA | D75: 46118.809
A76: 46118 | B76: MANIMARAN | C76: NIVETHA | D76: 46118.809
A77: 46119 | B77: BALAMURUGAN | C77: VISHNUPRIYA | D77: 46119.807
A78: 46119 | B78: MUTHUKUMAR | C78: VISHNUPRIYA | D78: 46119.807
A79: 46120 | B79: ARIVUNITHI | C79: CHINNAMMAL | D79: 46120.813
A80: 46120 | B80: PANDI-2 | C80: CHINNAMMAL | D80: 46120.813
... A100: 46130 | B100: PANDIKUMAR | C100: CHINNAMMAL | D100: 46130.835
A101: 46131 | B101: BALAMURUGAN
A102: 46131 | B102: PARIMANAM
A103: 46132 | B103: SATHISH
A104: 46132 | B104: KOLANCHIYAPPAN
A105: 46133 | B105: MANIMARAN | C105: CHINNAMMAL | D105: 46133.808
A106: 46133 | B106: RAJKUMAR | C106: CHINNAMMAL | D106: 46133.808
A107: 46134 | B107: SYED ABUTHAHIR
A108: 46135 | B108: SAKTHIVEL 2
A109: 46136 | B109: PANDIKUMAR | C109: CHINNAMMAL | D109: 46136.834
A110: 46136 | B110: MUTHUKUMAR | C110: CHINNAMMAL | D110: 46136.834
A111: 46137 | B111: ARIVUNITHI | C111: VISHNUPRIYA | D111: 46137.84
A112: 46137 | B112: PANDI-2 | C112: VISHNUPRIYA | D112: 46137.84
A113: 46138 | B113: THAMODARAN | C113: CHINNAMMAL | D113: 46138.835
A114: 46138 | B114: VENKADESAN | C114: CHINNAMMAL | D114: 46138.835
A115: 46139 | B115: PARIMANAM | C115: CHINNAMMAL | D115: 46139.825
A116: 46139 | B116: KOLANCHIYAPPAN | C116: CHINNAMMAL | D116: 46139.825
A117: 46140 | B117: SATHISH | C117: CHINNAMMAL | D117: 46140.82
A118: 46140 | B118: PANDIKUMAR | C118: CHINNAMMAL | D118: 46140.82
A119: 46141 | B119: BALAMURUGAN | C119: NIVETHA | D119: 46141.838
A120: 46141 | B120: MANIMARAN | C120: NIVETHA | D120: 46141.838
... A128: 46145 | B128: MUTHUKUMAR | C128: VISHNUPRIYA | D128: 46145.834
A129: 46146 | B129: THAMODARAN
A130: 46148 | B130: KOLANCHIYAPPAN
A131: 46148 | B131: PANDI-2
...

Sheet MOR CLEAN
A1: MORNING CLEANING
A2: DATE | B2: NAME | C2: ENTRY BY | D2: DATE & TIME | F2: =IF(COUNTIF(LEAVE!A:A,H:H)>0,TODAY(),"") | G2: =IF(countif(TODAY!$A$2:$A$4,$H$2:$H5000),today(),"") | H2: =STAFFS!E2 -> BHARATHI | I2: {=COUNTIF($B$3:$B5000,$H$2:$H5000)} -> 13 | J2: =IFERROR(__xludf.DUMMYFUNCTION("arrayformula(iferror(vlookup($H$2:$H5000, query($A$3:$B5000,""select B, max(A) group by B"",0),2,false)))"),46171.0) -> 46171 | L2: =H2 -> BHARATHI | M2: =I2 -> 13 | N2: =F2+J2+G2 -> 46171 | O2: =IF(L2=0,today()+1,N2) -> 46171 | Q2: {=SORT(L2:O5000,4,TRUE)} -> RANI | R2: 13 | S2: 46169 | T2: 46169 | V2: {=SORT(Q2:T5000,4,true)} -> RANI | X2: {=SORT(Q2:T8,2,true)} -> SHANTHI | Y2: {=SORT(H2:I28,2,FALSE)} -> DHANALAKSHMI | Z2: 15 | AB2: =IF($M$2:$M$30=0,$L$2:$L$30,"")
A3: 46082 | B3: DHANALAKSHMI | C3: VISHNUPRIYA | D3: 46082.814 | F3: =IF(COUNTIF(LEAVE!A:A,H:H)>0,TODAY(),"") | G3: =IF(countif(TODAY!$A$2:$A$4,$H$2:$H5000),today(),"") -> 46177 | H3: =STAFFS!E3 -> CHINNAMMAL | I3: =COUNTIF($B$3:$B5000,$H$2:$H5000) -> 12 | J3: =IFERROR(__xludf.DUMMYFUNCTION("""COMPUTED_VALUE"""),46170.0) -> 46170 | L3: =H3 -> CHINNAMMAL | M3: =I3 -> 12 | N3: =F3+J3+G3 -> 92347 | O3: =IF(L3=0,today()+1,N3) -> 92347 | Q3: VIJI-1 | R3: 14 | S3: 46170 | T3: 46170 | V3: VIJI-1 | X3: VIJI-2 | Y3: PANJU | Z3: 14 | AB3: =IF($M$2:$M$30=0,$L$2:$L$30,"")
A4: 46082 | B4: VIJI-1 | C4: VISHNUPRIYA | D4: 46082.814 | F4: =IF(COUNTIF(LEAVE!A:A,H:H)>0,TODAY(),"") | G4: =IF(countif(TODAY!$A$2:$A$4,$H$2:$H5000),today(),"") | H4: =STAFFS!E4 -> DEEPA | I4: =COUNTIF($B$3:$B5001,$H$2:$H5001) -> 13 | J4: =IFERROR(__xludf.DUMMYFUNCTION("""COMPUTED_VALUE"""),46173.0) -> 46173 | L4: =H4 -> DEEPA | M4: =I4 -> 13 | N4: =F4+J4+G4 -> 46173 | O4: =IF(L4=0,today()+1,N4) -> 46173 | Q4: VIJI-2 | R4: 12 | S4: 46170 | T4: 46170 | V4: VIJI-2 | X4: RANI | Y4: VIJI-1 | Z4: 14 | AB4: =IF($M$2:$M$30=0,$L$2:$L$30,"")
A5: 46082 | B5: VISHNUPRIYA | C5: VISHNUPRIYA | D5: 46082.814 | F5: =IF(COUNTIF(LEAVE!A:A,H:H)>0,TODAY(),"") | G5: =IF(countif(TODAY!$A$2:$A$4,$H$2:$H5000),today(),"") | H5: =STAFFS!E5 -> DHANALAKSHMI | I5: =COUNTIF($B$3:$B5002,$H$2:$H5002) -> 15 | J5: =IFERROR(__xludf.DUMMYFUNCTION("""COMPUTED_VALUE"""),46172.0) -> 46172 | L5: =H5 -> DHANALAKSHMI | M5: =I5 -> 15 | N5: =F5+J5+G5 -> 46172 | O5: =IF(L5=0,today()+1,N5) -> 46172 | Q5: BHARATHI | R5: 13 | S5: 46171 | T5: 46171 | V5: BHARATHI | X5: BHARATHI | Y5: VISHNUPRIYA | Z5: 14 | AB5: =IF($M$2:$M$30=0,$L$2:$L$30,"")
A6: 46082 | B6: DHANALAKSHMI | C6: NIVETHA | D6: 46082.815 | F6: =IF(COUNTIF(LEAVE!A:A,H:H)>0,TODAY(),"") | G6: =IF(countif(TODAY!$A$2:$A$4,$H$2:$H5000),today(),"") | H6: =STAFFS!E6 -> JEYANTHI | I6: =COUNTIF($B$3:$B5003,$H$2:$H5003) -> 13 | J6: =IFERROR(__xludf.DUMMYFUNCTION("""COMPUTED_VALUE"""),46176.0) -> 46176 | L6: =H6 -> JEYANTHI | M6: =I6 -> 13 | N6: =F6+J6+G6 -> 46176 | O6: =IF(L6=0,today()+1,N6) -> 46176 | Q6: SHANTHI | R6: 7 | S6: 46171 | T6: 46171 | V6: SHANTHI | X6: VIJI-1 | Y6: BHARATHI | Z6: 13 | AB6: =IF($M$2:$M$30=0,$L$2:$L$30,"")
A7: 46082 | B7: VIJI-1 | C7: NIVETHA | D7: 46082.815 | F7: =IF(COUNTIF(LEAVE!A:A,H:H)>0,TODAY(),"") | G7: =IF(countif(TODAY!$A$2:$A$4,$H$2:$H5000),today(),"") | H7: =STAFFS!E7 -> KAVIYA | I7: =COUNTIF($B$3:$B5004,$H$2:$H5004) -> 7 | J7: =IFERROR(__xludf.DUMMYFUNCTION("""COMPUTED_VALUE"""),46173.0) -> 46173 | L7: =H7 -> KAVIYA | M7: =I7 -> 7 | N7: =F7+J7+G7 -> 46173 | O7: =IF(L7=0,today()+1,N7) -> 46173 | Q7: VISHNUPRIYA | R7: 14 | S7: 46171 | T7: 46171 | V7: VISHNUPRIYA | X7: VISHNUPRIYA | Y7: DEEPA | Z7: 13 | AB7: =IF($M$2:$M$30=0,$L$2:$L$30,"")
A8: 46082 | B8: VISHNUPRIYA | C8: NIVETHA | D8: 46082.815 | F8: =IF(COUNTIF(LEAVE!A:A,H:H)>0,TODAY(),"") | G8: =IF(countif(TODAY!$A$2:$A$4,$H$2:$H5000),today(),"") | H8: =STAFFS!E8 -> MUTHUPRIYA | I8: =COUNTIF($B$3:$B5005,$H$2:$H5005) -> 4 | J8: =IFERROR(__xludf.DUMMYFUNCTION("""COMPUTED_VALUE"""),46176.0) -> 46176 | L8: =H8 -> MUTHUPRIYA | M8: =I8 -> 4 | N8: =F8+J8+G8 -> 46176 | O8: =IF(L8=0,today()+1,N8) -> 46176 | Q8: DHANALAKSHMI | R8: 15 | S8: 46172 | T8: 46172 | V8: DHANALAKSHMI | X8: DHANALAKSHMI | Y8: JEYANTHI | Z8: 13 | AB8: =IF($M$2:$M$30=0,$L$2:$L$30,"")
A9: 46083 | B9: BHARATHI | C9: VISHNUPRIYA | D9: 46083.839 | F9: =IF(COUNTIF(LEAVE!A:A,H:H)>0,TODAY(),"") | G9: =IF(countif(TODAY!$A$2:$A$4,$H$2:$H5000),today(),"") | H9: =STAFFS!E9 -> NIVETHA | I9: =COUNTIF($B$3:$B5006,$H$2:$H5006) -> 13 | J9: =IFERROR(__xludf.DUMMYFUNCTION("""COMPUTED_VALUE"""),46174.0) -> 46174 | L9: =H9 -> NIVETHA | M9: =I9 -> 13 | N9: =F9+J9+G9 -> 46174 | O9: =IF(L9=0,today()+1,N9) -> 46174 | Q9: PRIYANKA | R9: 10 | S9: 46172 | T9: 46172 | V9: PRIYANKA | Y9: NIVETHA | Z9: 13 | AB9: =IF($M$2:$M$30=0,$L$2:$L$30,"")
A10: 46083 | B10: RAJI-2 | C10: VISHNUPRIYA | D10: 46083.839 | F10: =IF(COUNTIF(LEAVE!A:A,H:H)>0,TODAY(),"") | G10: =IF(countif(TODAY!$A$2:$A$4,$H$2:$H5000),today(),"") | H10: =STAFFS!E10 -> PANJU | I10: =COUNTIF($B$3:$B5007,$H$2:$H5007) -> 14 | J10: =IFERROR(__xludf.DUMMYFUNCTION("""COMPUTED_VALUE"""),46176.0) -> 46176 | L10: =H10 -> PANJU | M10: =I10 -> 14 | N10: =F10+J10+G10 -> 46176 | O10: =IF(L10=0,today()+1,N10) -> 46176 | Q10: RAJI-1 | R10: 12 | S10: 46172 | T10: 46172 | V10: RAJI-1 | Y10: RAJI-2 | Z10: 13 | AB10: =IF($M$2:$M$30=0,$L$2:$L$30,"")
A11: 46083 | B11: SUDHARSHINI | C11: VISHNUPRIYA | D11: 46083.839 | F11: =IF(COUNTIF(LEAVE!A:A,H:H)>0,TODAY(),"") | G11: =IF(countif(TODAY!$A$2:$A$4,$H$2:$H5000),today(),"") | H11: =STAFFS!E11 -> PRIYANKA | I11: =COUNTIF($B$3:$B5008,$H$2:$H5008) -> 10 | J11: =IFERROR(__xludf.DUMMYFUNCTION("""COMPUTED_VALUE"""),46172.0) -> 46172 | L11: =H11 -> PRIYANKA | M11: =I11 -> 10 | N11: =F11+J11+G11 -> 46172 | O11: =IF(L11=0,today()+1,N11) -> 46172 | Q11: DEEPA | R11: 13 | S11: 46173 | T11: 46173 | V11: DEEPA | Y11: RANI | Z11: 13 | AB11: =IF($M$2:$M$30=0,$L$2:$L$30,"")
A12: 46084 | B12: PANJU | C12: NIVETHA | D12: 46084.823 | F12: =IF(COUNTIF(LEAVE!A:A,H:H)>0,TODAY(),"") | G12: =IF(countif(TODAY!$A$2:$A$4,$H$2:$H5000),today(),"") | H12: =STAFFS!E12 -> RAJI-1 | I12: =COUNTIF($B$3:$B5009,$H$2:$H5009) -> 12 | J12: =IFERROR(__xludf.DUMMYFUNCTION("""COMPUTED_VALUE"""),46172.0) -> 46172 | L12: =H12 -> RAJI-1 | M12: =I12 -> 12 | N12: =F12+J12+G12 -> 46172 | O12: =IF(L12=0,today()+1,N12) -> 46172 | Q12: KAVIYA | R12: 7 | S12: 46173 | T12: 46173 | V12: KAVIYA | Y12: SAHANA | Z12: 13 | AB12: =IF($M$2:$M$30=0,$L$2:$L$30,"")
A13: 46084 | B13: RANI | C13: NIVETHA | D13: 46084.823 | F13: =IF(COUNTIF(LEAVE!A:A,H:H)>0,TODAY(),"") | G13: =IF(countif(TODAY!$A$2:$A$4,$H$2:$H5000),today(),"") | H13: =STAFFS!E13 -> RAJI-2 | I13: =COUNTIF($B$3:$B5010,$H$2:$H5010) -> 13 | J13: =IFERROR(__xludf.DUMMYFUNCTION("""COMPUTED_VALUE"""),46174.0) -> 46174 | L13: =H13 -> RAJI-2 | M13: =I13 -> 13 | N13: =F13+J13+G13 -> 46174 | O13: =IF(L13=0,today()+1,N13) -> 46174 | Q13: NIVETHA | R13: 13 | S13: 46174 | T13: 46174 | V13: NIVETHA | Y13: CHINNAMMAL | Z13: 12 | AB13: =IF($M$2:$M$30=0,$L$2:$L$30,"")
A14: 46084 | B14: YOGAPRIYA | C14: NIVETHA | D14: 46084.823 | F14: =IF(COUNTIF(LEAVE!A:A,H:H)>0,TODAY(),"") | G14: =IF(countif(TODAY!$A$2:$A$4,$H$2:$H5000),today(),"") | H14: =STAFFS!E14 -> RANI | I14: =COUNTIF($B$3:$B5011,$H$2:$H5011) -> 13 | J14: =IFERROR(__xludf.DUMMYFUNCTION("""COMPUTED_VALUE"""),46169.0) -> 46169 | L14: =H14 -> RANI | M14: =I14 -> 13 | N14: =F14+J14+G14 -> 46169 | O14: =IF(L14=0,today()+1,N14) -> 46169 | Q14: RAJI-2 | R14: 13 | S14: 46174 | T14: 46174 | V14: RAJI-2 | Y14: RAJI-1 | Z14: 12 | AB14: =IF($M$2:$M$30=0,$L$2:$L$30,"")
A15: 46085 | B15: SAHANA | C15: NIVETHA | D15: 46085.835 | F15: =IF(COUNTIF(LEAVE!A:A,H:H)>0,TODAY(),"") | G15: =IF(countif(TODAY!$A$2:$A$4,$H$2:$H5000),today(),"") | H15: =STAFFS!E15 -> SAHANA | I15: =COUNTIF($B$3:$B5012,$H$2:$H5012) -> 13 | J15: =IFERROR(__xludf.DUMMYFUNCTION("""COMPUTED_VALUE"""),46175.0) -> 46175 | L15: =H15 -> SAHANA | M15: =I15 -> 13 | N15: =F15+J15+G15 -> 46175 | O15: =IF(L15=0,today()+1,N15) -> 46175 | Q15: SAHANA | R15: 13 | S15: 46175 | T15: 46175 | V15: SAHANA | Y15: SUDHARSHINI | Z15: 12 | AB15: =IF($M$2:$M$30=0,$L$2:$L$30,"")
A16: 46085 | C16: NIVETHA | D16: 46085.835 | F16: =IF(COUNTIF(LEAVE!A:A,H:H)>0,TODAY(),"") | G16: =IF(countif(TODAY!$A$2:$A$4,$H$2:$H5000),today(),"") -> 46177 | H16: =STAFFS!E16 -> SANTHIYA | I16: =COUNTIF($B$3:$B5013,$H$2:$H5013) -> 3 | J16: =IFERROR(__xludf.DUMMYFUNCTION("""COMPUTED_VALUE"""),46168.0) -> 46168 | L16: =H16 -> SANTHIYA | M16: =I16 -> 3 | N16: =F16+J16+G16 -> 92345 | O16: =IF(L16=0,today()+1,N16) -> 92345 | Q16: VIDHYA | R16: 12 | S16: 46175 | T16: 46175 | V16: VIDHYA | Y16: VIDHYA | Z16: 12 | AB16: =IF($M$2:$M$30=0,$L$2:$L$30,"")
A17: 46086 | B17: NIVETHA | C17: NIVETHA | D17: 46086.827 | F17: =IF(COUNTIF(LEAVE!A:A,H:H)>0,TODAY(),"") | G17: =IF(countif(TODAY!$A$2:$A$4,$H$2:$H5000),today(),"") | H17: =STAFFS!E17 -> SHANTHI | I17: =COUNTIF($B$3:$B5014,$H$2:$H5014) -> 7 | J17: =IFERROR(__xludf.DUMMYFUNCTION("""COMPUTED_VALUE"""),46171.0) -> 46171 | L17: =H17 -> SHANTHI | M17: =I17 -> 7 | N17: =F17+J17+G17 -> 46171 | O17: =IF(L17=0,today()+1,N17) -> 46171 | Q17: YAMUNA | R17: 12 | S17: 46175 | T17: 46175 | Y17: VIJI-2 | Z17: 12 | AB17: =IF($M$2:$M$30=0,$L$2:$L$30,"")
A18: 46086 | B18: VIJI-2 | C18: NIVETHA | D18: 46086.827 | F18: =IF(COUNTIF(LEAVE!A:A,H:H)>0,TODAY(),"") | G18: =IF(countif(TODAY!$A$2:$A$4,$H$2:$H5000),today(),"") -> 46177 | H18: =STAFFS!E18 -> SUDHARSHINI | I18: =COUNTIF($B$3:$B5015,$H$2:$H5015) -> 12 | J18: =IFERROR(__xludf.DUMMYFUNCTION("""COMPUTED_VALUE"""),46169.0) -> 46169 | L18: =H18 -> SUDHARSHINI | M18: =I18 -> 12 | N18: =F18+J18+G18 -> 92346 | O18: =IF(L18=0,today()+1,N18) -> 92346 | Q18: JEYANTHI | R18: 13 | S18: 46176 | T18: 46176 | Y18: YAMUNA | Z18: 12 | AB18: =IF($M$2:$M$30=0,$L$2:$L$30,"")
A19: 46087 | B19: DEEPA | C19: NIVETHA | D19: 46087.78 | F19: =IF(COUNTIF(LEAVE!A:A,H:H)>0,TODAY(),"") | G19: =IF(countif(TODAY!$A$2:$A$4,$H$2:$H5000),today(),"") | H19: =STAFFS!E19 -> VIDHYA | I19: =COUNTIF($B$3:$B5016,$H$2:$H5016) -> 12 | J19: =IFERROR(__xludf.DUMMYFUNCTION("""COMPUTED_VALUE"""),46175.0) -> 46175 | L19: =H19 -> VIDHYA | M19: =I19 -> 12 | N19: =F19+J19+G19 -> 46175 | O19: =IF(L19=0,today()+1,N19) -> 46175 | Q19: MUTHUPRIYA | R19: 4 | S19: 46176 | T19: 46176 | Y19: YOGAPRIYA | Z19: 12 | AB19: =IF($M$2:$M$30=0,$L$2:$L$30,"")
A20: 46087 | B20: VIDHYA | C20: NIVETHA | D20: 46087.78 | F20: =IF(COUNTIF(LEAVE!A:A,H:H)>0,TODAY(),"") | G20: =IF(countif(TODAY!$A$2:$A$4,$H$2:$H5000),today(),"") | H20: =STAFFS!E20 -> VIJI-1 | I20: =COUNTIF($B$3:$B5017,$H$2:$H5017) -> 14 | J20: =IFERROR(__xludf.DUMMYFUNCTION("""COMPUTED_VALUE"""),46170.0) -> 46170 | L20: =H20 -> VIJI-1 | M20: =I20 -> 14 | N20: =F20+J20+G20 -> 46170 | O20: =IF(L20=0,today()+1,N20) -> 46170 | Q20: PANJU | R20: 14 | S20: 46176 | T20: 46176 | Y20: PRIYANKA | Z20: 10 | AB20: =IF($M$2:$M$30=0,$L$2:$L$30,"")
A21: 46087 | B21: YAMUNA | C21: NIVETHA | D21: 46087.78 | F21: =IF(COUNTIF(LEAVE!A:A,H:H)>0,TODAY(),"") | G21: =IF(countif(TODAY!$A$2:$A$4,$H$2:$H5000),today(),"") | H21: =STAFFS!E21 -> VIJI-2 | I21: =COUNTIF($B$3:$B5018,$H$2:$H5018) -> 12 | J21: =IFERROR(__xludf.DUMMYFUNCTION("""COMPUTED_VALUE"""),46170.0) -> 46170 | L21: =H21 -> VIJI-2 | M21: =I21 -> 12 | N21: =F21+J21+G21 -> 46170 | O21: =IF(L21=0,today()+1,N21) -> 46170 | R21: 0 | S21: 0 | T21: 46178 | Y21: KAVIYA | Z21: 7 | AB21: =IF($M$2:$M$30=0,$L$2:$L$30,"")
A22: 46088 | B22: CHINNAMMAL | C22: NIVETHA | D22: 46088.829 | F22: =IF(COUNTIF(LEAVE!A:A,H:H)>0,TODAY(),"") | G22: =IF(countif(TODAY!$A$2:$A$4,$H$2:$H5000),today(),"") | H22: =STAFFS!E22 -> VISHNUPRIYA | I22: =COUNTIF($B$3:$B5019,$H$2:$H5019) -> 14 | J22: =IFERROR(__xludf.DUMMYFUNCTION("""COMPUTED_VALUE"""),46171.0) -> 46171 | L22: =H22 -> VISHNUPRIYA | M22: =I22 -> 14 | N22: =F22+J22+G22 -> 46171 | O22: =IF(L22=0,today()+1,N22) -> 46171 | R22: 0 | S22: 0 | T22: 46178 | Y22: SHANTHI | Z22: 7 | AB22: =IF($M$2:$M$30=0,$L$2:$L$30,"")
A23: 46088 | B23: DHANALAKSHMI | C23: NIVETHA | D23: 46088.829 | F23: =IF(COUNTIF(LEAVE!A:A,H:H)>0,TODAY(),"") | G23: =IF(countif(TODAY!$A$2:$A$4,$H$2:$H5000),today(),"") | H23: =STAFFS!E23 -> YAMUNA | I23: =COUNTIF($B$3:$B5020,$H$2:$H5020) -> 12 | J23: =IFERROR(__xludf.DUMMYFUNCTION("""COMPUTED_VALUE"""),46175.0) -> 46175 | L23: =H23 -> YAMUNA | M23: =I23 -> 12 | N23: =F23+J23+G23 -> 46175 | O23: =IF(L23=0,today()+1,N23) -> 46175 | R23: 0 | S23: 0 | T23: 46178 | Y23: MUTHUPRIYA | Z23: 4 | AB23: =IF($M$2:$M$30=0,$L$2:$L$30,"")
A24: 46088 | B24: RAJI-1 | C24: NIVETHA | D24: 46088.829 | F24: =IF(COUNTIF(LEAVE!A:A,H:H)>0,TODAY(),"") -> 46177 | G24: =IF(countif(TODAY!$A$2:$A$4,$H$2:$H5000),today(),"") | H24: =STAFFS!E24 -> YOGAPRIYA | I24: =COUNTIF($B$3:$B5021,$H$2:$H5021) -> 12 | J24: =IFERROR(__xludf.DUMMYFUNCTION("""COMPUTED_VALUE"""),46168.0) -> 46168 | L24: =H24 -> YOGAPRIYA | M24: =I24 -> 12 | N24: =F24+J24+G24 -> 92345 | O24: =IF(L24=0,today()+1,N24) -> 92345 | R24: 0 | S24: 0 | T24: 46178 | Y24: SANTHIYA | Z24: 3 | AB24: =IF($M$2:$M$30=0,$L$2:$L$30,"")
A25: 46089 | B25: JEYANTHI | C25: NIVETHA | D25: 46089.837 | F25: =IF(COUNTIF(LEAVE!A:A,H:H)>0,TODAY(),"") | G25: =IF(countif(TODAY!$A$2:$A$4,$H$2:$H5000),today(),"") | H25: =STAFFS!E25 | I25: =COUNTIF($B$3:$B5022,$H$2:$H5022) -> 0 | L25: =H25 | M25: =I25 -> 0 | N25: =F25+J25+G25 -> 0 | O25: =IF(L25=0,today()+1,N25) -> 46178 | R25: 0 | S25: 0 | T25: 46178 | Z25: 0 | AB25: =IF($M$2:$M$30=0,$L$2:$L$30,"")
A26: 46089 | B26: VIJI-1 | C26: NIVETHA | D26: 46089.837 | F26: =IF(COUNTIF(LEAVE!A:A,H:H)>0,TODAY(),"") | G26: =IF(countif(TODAY!$A$2:$A$4,$H$2:$H5000),today(),"") | H26: =STAFFS!E26 | I26: =COUNTIF($B$3:$B5023,$H$2:$H5023) -> 0 | L26: =H26 | M26: =I26 -> 0 | N26: =F26+J26+G26 -> 0 | O26: =IF(L26=0,today()+1,N26) -> 46178 | R26: 0 | S26: 0 | T26: 46178 | Z26: 0 | AB26: =IF($M$2:$M$30=0,$L$2:$L$30,"")
A27: 46089 | B27: VISHNUPRIYA | C27: NIVETHA | D27: 46089.837 | F27: =IF(COUNTIF(LEAVE!A:A,H:H)>0,TODAY(),"") | G27: =IF(countif(TODAY!$A$2:$A$4,$H$2:$H5000),today(),"") | H27: =STAFFS!E27 | I27: =COUNTIF($B$3:$B5024,$H$2:$H5024) -> 0 | L27: =H27 | M27: =I27 -> 0 | N27: =F27+J27+G27 -> 0 | O27: =IF(L27=0,today()+1,N27) -> 46178 | R27: 0 | S27: 0 | T27: 46178 | Z27: 0
A28: 46090 | B28: PANJU | C28: NIVETHA | D28: 46090.835 | F28: =IF(COUNTIF(LEAVE!A:A,H:H)>0,TODAY(),"") | G28: =IF(countif(TODAY!$A$2:$A$4,$H$2:$H5000),today(),"") | H28: =STAFFS!E28 | I28: =COUNTIF($B$3:$B5025,$H$2:$H5025) -> 0 | L28: =H28 | M28: =I28 -> 0 | N28: =F28+J28+G28 -> 0 | O28: =IF(L28=0,today()+1,N28) -> 46178 | Q28: SANTHIYA | R28: 3 | S28: 92345 | T28: 92345 | Z28: 0
A29: 46090 | B29: RAJI-2 | C29: NIVETHA | D29: 46090.835 | F29: =IF(COUNTIF(LEAVE!A:A,H:H)>0,TODAY(),"") | G29: =IF(countif(TODAY!$A$2:$A$4,$H$2:$H5000),today(),"") | H29: =STAFFS!E29 | I29: =COUNTIF($B$3:$B5026,$H$2:$H5026) -> 0 | L29: =H29 | M29: =I29 -> 0 | N29: =F29+J29+G29 -> 0 | O29: =IF(L29=0,today()+1,N29) -> 46178 | Q29: YOGAPRIYA | R29: 12 | S29: 92345 | T29: 92345
A30: 46090 | B30: SUDHARSHINI | C30: NIVETHA | D30: 46090.835 | F30: =IF(COUNTIF(LEAVE!A:A,H:H)>0,TODAY(),"") | G30: =IF(countif(TODAY!$A$2:$A$4,$H$2:$H5000),today(),"") | H30: =STAFFS!E30 | I30: =COUNTIF($B$3:$B5027,$H$2:$H5027) -> 0 | L30: =H30 | M30: =I30 -> 0 | N30: =F30+J30+G30 -> 0 | O30: =IF(L30=0,today()+1,N30) -> 46178 | Q30: SUDHARSHINI | R30: 12 | S30: 92346 | T30: 92346
A31: 46091 | B31: BHARATHI | C31: VISHNUPRIYA | D31: 46091.839 | F31: =IF(COUNTIF(LEAVE!A:A,H:H)>0,TODAY(),"") | G31: =IF(countif(TODAY!$A$2:$A$4,$H$2:$H5000),today(),"") | H31: =STAFFS!E31 | I31: =COUNTIF($B$3:$B5028,$H$2:$H5028) -> 0 | L31: =H31 | M31: =I31 -> 0 | N31: =F31+J31+G31 -> 0 | O31: =IF(L31=0,today()+1,N31) -> 46178 | Q31: CHINNAMMAL | R31: 12 | S31: 92347 | T31: 92347
A32: 46091 | B32: RANI | C32: VISHNUPRIYA | D32: 46091.839
A33: 46092 | B33: SAHANA | C33: NIVETHA | D33: 46092.83
A34: 46092 | C34: NIVETHA | D34: 46092.83
A35: 46092 | B35: YOGAPRIYA | C35: NIVETHA | D35: 46092.83
A36: 46093 | B36: NIVETHA | C36: VISHNUPRIYA | D36: 46093.838
A37: 46093 | B37: VIJI-2 | C37: VISHNUPRIYA | D37: 46093.838
A38: 46094 | B38: DEEPA | C38: VISHNUPRIYA | D38: 46094.842
A39: 46094 | B39: VIDHYA | C39: VISHNUPRIYA | D39: 46094.842
A40: 46094 | B40: YAMUNA | C40: VISHNUPRIYA | D40: 46094.842
A41: 46095 | B41: CHINNAMMAL | C41: NIVETHA | D41: 46095.797
A42: 46095 | B42: DHANALAKSHMI | C42: NIVETHA | D42: 46095.797
A43: 46095 | B43: RAJI-1 | C43: NIVETHA | D43: 46095.797
A44: 46096 | B44: PANJU | C44: VISHNUPRIYA | D44: 46096.817
A45: 46096 | B45: VIJI-1 | C45: VISHNUPRIYA | D45: 46096.817
A46: 46096 | B46: VISHNUPRIYA | C46: VISHNUPRIYA | D46: 46096.817
... A53: 46099 | B53: SAHANA | C53: NIVETHA | D53: 46099.801
A54: 46099 | C54: NIVETHA | D54: 46099.801
A55: 46100 | B55: DEEPA | C55: NIVETHA | D55: 46100.831
A56: 46100 | B56: DHANALAKSHMI | C56: NIVETHA | D56: 46100.831
A57: 46100 | B57: VIJI-2 | C57: NIVETHA | D57: 46100.831
A58: 46101 | B58: PANJU | C58: NIVETHA | D58: 46101.829
A59: 46101 | B59: VIDHYA | C59: NIVETHA | D59: 46101.829
A60: 46101 | B60: YOGAPRIYA | C60: NIVETHA | D60: 46101.829
A61: 46102 | B61: CHINNAMMAL | C61: NIVETHA | D61: 46102.842
A62: 46102 | B62: RAJI-1 | C62: NIVETHA | D62: 46102.842
A63: 46102 | B63: YAMUNA | C63: NIVETHA | D63: 46102.842
A64: 46103 | B64: PRIYANKA | C64: VISHNUPRIYA | D64: 46103.81
A65: 46103 | B65: VIJI-1 | C65: VISHNUPRIYA | D65: 46103.81
A66: 46103 | B66: VISHNUPRIYA | C66: VISHNUPRIYA | D66: 46103.81
... A73: 46106 | B73: SAHANA | C73: CHINNAMMAL | D73: 46106.81
A74: 46106 | C74: CHINNAMMAL | D74: 46106.81
A75: 46107 | B75: DEEPA | C75: NIVETHA | D75: 46107.829
A76: 46107 | B76: DHANALAKSHMI | C76: NIVETHA | D76: 46107.829
A77: 46107 | B77: VIJI-2 | C77: NIVETHA | D77: 46107.829
A78: 46108 | B78: PANJU | C78: NIVETHA | D78: 46108.814
A79: 46108 | B79: VIDHYA | C79: NIVETHA | D79: 46108.814
A80: 46108 | B80: YOGAPRIYA | C80: NIVETHA | D80: 46108.814
A81: 46109 | B81: CHINNAMMAL | C81: CHINNAMMAL | D81: 46109.805
A82: 46109 | B82: RAJI-1 | C82: CHINNAMMAL | D82: 46109.805
A83: 46109 | B83: YAMUNA | C83: CHINNAMMAL | D83: 46109.805
A84: 46110 | B84: RANI | C84: NIVETHA | D84: 46110.845
A85: 46110 | B85: VIJI-1 | C85: NIVETHA | D85: 46110.845
A86: 46110 | B86: VISHNUPRIYA | C86: NIVETHA | D86: 46110.845
... A93: 46113 | B93: NIVETHA | C93: NIVETHA | D93: 46113.824
A94: 46113 | C94: NIVETHA | D94: 46113.824
A95: 46113 | B95: DEEPA
A96: 46113 | B96: DHANALAKSHMI
A97: 46113 | B97: VIJI-2
A98: 46115 | B98: VIDHYA | C98: NIVETHA | D98: 46115.828
A99: 46115 | B99: YOGAPRIYA | C99: NIVETHA | D99: 46115.828
A100: 46115 | B100: CHINNAMMAL | C100: NIVETHA | D100: 46115.828
A101: 46116 | B101: PANJU | C101: NIVETHA | D101: 46116.828
A102: 46116 | B102: RAJI-1 | C102: NIVETHA | D102: 46116.828
A103: 46116 | B103: YAMUNA | C103: NIVETHA | D103: 46116.828
A104: 46117 | B104: RANI | C104: VISHNUPRIYA | D104: 46117.837
A105: 46117 | B105: VIJI-1 | C105: VISHNUPRIYA | D105: 46117.837
A106: 46117 | B106: BHARATHI | C106: VISHNUPRIYA | D106: 46117.837
A107: 46118 | B107: VISHNUPRIYA | C107: NIVETHA | D107: 46118.809
A108: 46118 | B108: JEYANTHI | C108: NIVETHA | D108: 46118.809
A109: 46118 | B109: RAJI-2 | C109: NIVETHA | D109: 46118.809
... A117: 46121 | B117: VIJI-2 | C117: MUTHUKUMAR | D117: 46121.837
A118: 46121 | C118: MUTHUKUMAR | D118: 46121.837
A119: 46122 | B119: CHINNAMMAL | C119: CHINNAMMAL | D119: 46122.821
A120: 46122 | B120: VIDHYA | C120: CHINNAMMAL | D120: 46122.821
A121: 46122 | B121: PRIYANKA | C121: CHINNAMMAL | D121: 46122.821
A122: 46123 | B122: PANJU | C122: CHINNAMMAL | D122: 46123.828
A123: 46123 | B123: RAJI-1 | C123: CHINNAMMAL | D123: 46123.828
A124: 46123 | B124: KAVIYA | C124: CHINNAMMAL | D124: 46123.828
A125: 46124 | B125: YAMUNA | C125: VISHNUPRIYA | D125: 46124.843
...

Sheet COLLECTION
A1: COLLECTION
A2: DATE | B2: NAME | C2: ENTRY BY | D2: DATE & TIME | F2: =IF(COUNTIF(LEAVE!A:A,H:H)>0,TODAY(),"") | G2: =IF(countif(TODAY!$C$18,$H$2:$H999),today(),"") | H2: {=STAFFS!AY2:AY999} -> BHARATHI | I2: {=COUNTIF($B$3:$B999,$H$2:$H999)} -> 8 | J2: =IFERROR(__xludf.DUMMYFUNCTION("arrayformula(iferror(vlookup($H$2:$H999, query($A$3:$B999,""select B, max(A) group by B"",0),2,false)))"),46169.0) -> 46169 | L2: =H2 -> BHARATHI | M2: =I2 -> 8 | N2: =J2+G2+F2 -> 46169 | O2: =IF(L2=0,today()+1,N2) -> 46169 | Q2: {=SORT(L2:O999,4,TRUE)} -> VIJI-2 | R2: 8 | S2: 46167 | T2: 46167 | V2: {=SORT(Q2:T999,4,true)} -> VIJI-2 | X2: {=SORT(Q2:T8,2,true)} | Y2: {=SORT(H2:I28,2,FALSE)} -> DEEPA | Z2: 9 | AB2: =IF($M$2:$M$30=0,$L$2:$L$30,"")
A3: 46071 | B3: BHARATHI | C3: NIVETHA | D3: 46071.812 | F3: =IF(COUNTIF(LEAVE!A:A,H:H)>0,TODAY(),"") | G3: =IF(countif(TODAY!$C$18,$H$2:$H999),today(),"") | H3: DEEPA | I3: =COUNTIF($B$3:$B999,$H$2:$H999) -> 9 | J3: =IFERROR(__xludf.DUMMYFUNCTION("""COMPUTED_VALUE"""),46173.0) -> 46173 | L3: =H3 -> DEEPA | M3: =I3 -> 9 | N3: =J3+G3+F3 -> 46173 | O3: =IF(L3=0,today()+1,N3) -> 46173 | Q3: BHARATHI | R3: 8 | S3: 46169 | T3: 46169 | V3: BHARATHI | X3: VIJI-2 | Y3: DHANALAKSHMI | Z3: 9 | AB3: =IF($M$2:$M$30=0,$L$2:$L$30,"")
A4: 46072 | B4: DEEPA | C4: NIVETHA | D4: 46072.832 | F4: =IF(COUNTIF(LEAVE!A:A,H:H)>0,TODAY(),"") | G4: =IF(countif(TODAY!$C$18,$H$2:$H999),today(),"") | H4: DHANALAKSHMI | I4: =COUNTIF($B$3:$B1000,$H$2:$H1000) -> 9 | J4: =IFERROR(__xludf.DUMMYFUNCTION("""COMPUTED_VALUE"""),46174.0) -> 46174 | L4: =H4 -> DHANALAKSHMI | M4: =I4 -> 9 | N4: =J4+G4+F4 -> 46174 | O4: =IF(L4=0,today()+1,N4) -> 46174 | Q4: VIJI-1 | R4: 9 | S4: 46170 | T4: 46170 | V4: VIJI-1 | X4: BHARATHI | Y4: RAJI-1 | Z4: 9 | AB4: =IF($M$2:$M$30=0,$L$2:$L$30,"")
A5: 46074 | B5: DHANALAKSHMI | C5: VISHNUPRIYA | D5: 46074.817 | F5: =IF(COUNTIF(LEAVE!A:A,H:H)>0,TODAY(),"") | G5: =IF(countif(TODAY!$C$18,$H$2:$H999),today(),"") | H5: RAJI-1 | I5: =COUNTIF($B$3:$B1001,$H$2:$H1001) -> 9 | J5: =IFERROR(__xludf.DUMMYFUNCTION("""COMPUTED_VALUE"""),46176.0) -> 46176 | L5: =H5 -> RAJI-1 | M5: =I5 -> 9 | N5: =J5+G5+F5 -> 46176 | O5: =IF(L5=0,today()+1,N5) -> 46176 | Q5: DEEPA | R5: 9 | S5: 46173 | T5: 46173 | V5: DEEPA | X5: VIJI-1 | Y5: VIJI-1 | Z5: 9 | AB5: =IF($M$2:$M$30=0,$L$2:$L$30,"")
A6: 46075 | B6: RAJI-1 | C6: VISHNUPRIYA | D6: 46075.817 | F6: =IF(COUNTIF(LEAVE!A:A,H:H)>0,TODAY(),"") | G6: =IF(countif(TODAY!$C$18,$H$2:$H999),today(),"") -> 46177 | H6: RAJI-2 | I6: =COUNTIF($B$3:$B1002,$H$2:$H1002) -> 7 | J6: =IFERROR(__xludf.DUMMYFUNCTION("""COMPUTED_VALUE"""),46165.0) -> 46165 | L6: =H6 -> RAJI-2 | M6: =I6 -> 7 | N6: =J6+G6+F6 -> 92342 | O6: =IF(L6=0,today()+1,N6) -> 92342 | Q6: DHANALAKSHMI | R6: 9 | S6: 46174 | T6: 46174 | V6: DHANALAKSHMI | X6: DEEPA | Y6: BHARATHI | Z6: 8 | AB6: =IF($M$2:$M$30=0,$L$2:$L$30,"")
A7: 46076 | C7: VISHNUPRIYA | D7: 46076.813 | F7: =IF(COUNTIF(LEAVE!A:A,H:H)>0,TODAY(),"") | G7: =IF(countif(TODAY!$C$18,$H$2:$H999),today(),"") | H7: VIJI-1 | I7: =COUNTIF($B$3:$B1003,$H$2:$H1003) -> 9 | J7: =IFERROR(__xludf.DUMMYFUNCTION("""COMPUTED_VALUE"""),46170.0) -> 46170 | L7: =H7 -> VIJI-1 | M7: =I7 -> 9 | N7: =J7+G7+F7 -> 46170 | O7: =IF(L7=0,today()+1,N7) -> 46170 | Q7: RAJI-1 | R7: 9 | S7: 46176 | T7: 46176 | V7: RAJI-1 | X7: DHANALAKSHMI | Y7: VIJI-2 | Z7: 8 | AB7: =IF($M$2:$M$30=0,$L$2:$L$30,"")
A8: 46078 | B8: RAJI-2 | C8: VISHNUPRIYA | D8: 46078.789 | F8: =IF(COUNTIF(LEAVE!A:A,H:H)>0,TODAY(),"") | G8: =IF(countif(TODAY!$C$18,$H$2:$H999),today(),"") | H8: VIJI-2 | I8: =COUNTIF($B$3:$B1004,$H$2:$H1004) -> 8 | J8: =IFERROR(__xludf.DUMMYFUNCTION("""COMPUTED_VALUE"""),46167.0) -> 46167 | L8: =H8 -> VIJI-2 | M8: =I8 -> 8 | N8: =J8+G8+F8 -> 46167 | O8: =IF(L8=0,today()+1,N8) -> 46167 | R8: 0 | S8: 0 | T8: 46178 | X8: RAJI-1 | Y8: YOGAPRIYA | Z8: 8 | AB8: =IF($M$2:$M$30=0,$L$2:$L$30,"")
A9: 46079 | B9: YOGAPRIYA | C9: NIVETHA | D9: 46079.838 | F9: =IF(COUNTIF(LEAVE!A:A,H:H)>0,TODAY(),"") -> 46177 | G9: =IF(countif(TODAY!$C$18,$H$2:$H999),today(),"") | H9: YOGAPRIYA | I9: =COUNTIF($B$3:$B1005,$H$2:$H1005) -> 8 | J9: =IFERROR(__xludf.DUMMYFUNCTION("""COMPUTED_VALUE"""),46172.0) -> 46172 | L9: =H9 -> YOGAPRIYA | M9: =I9 -> 8 | N9: =J9+G9+F9 -> 92349 | O9: =IF(L9=0,today()+1,N9) -> 92349 | R9: 0 | S9: 0 | T9: 46178 | Y9: RAJI-2 | Z9: 7 | AB9: =IF($M$2:$M$30=0,$L$2:$L$30,"")
A10: 46081 | B10: VIJI-2 | C10: NIVETHA | D10: 46081.815 | F10: =IF(COUNTIF(LEAVE!A:A,H:H)>0,TODAY(),"") | G10: =IF(countif(TODAY!$C$18,$H$2:$H999),today(),"") | I10: =COUNTIF($B$3:$B1006,$H$2:$H1006) -> 0 | L10: =H10 | M10: =I10 -> 0 | N10: =J10+G10+F10 -> 0 | O10: =IF(L10=0,today()+1,N10) -> 46178 | R10: 0 | S10: 0 | T10: 46178 | Z10: 0 | AB10: =IF($M$2:$M$30=0,$L$2:$L$30,"")
A11: 46082 | B11: VIJI-1 | C11: VISHNUPRIYA | D11: 46082.814 | F11: =IF(COUNTIF(LEAVE!A:A,H:H)>0,TODAY(),"") | G11: =IF(countif(TODAY!$C$18,$H$2:$H999),today(),"") | I11: =COUNTIF($B$3:$B1007,$H$2:$H1007) -> 0 | L11: =H11 | M11: =I11 -> 0 | N11: =J11+G11+F11 -> 0 | O11: =IF(L11=0,today()+1,N11) -> 46178 | R11: 0 | S11: 0 | T11: 46178 | Z11: 0 | AB11: =IF($M$2:$M$30=0,$L$2:$L$30,"")
A12: 46082 | B12: VIJI-1 | C12: NIVETHA | D12: 46082.816 | F12: =IF(COUNTIF(LEAVE!A:A,H:H)>0,TODAY(),"") | G12: =IF(countif(TODAY!$C$18,$H$2:$H999),today(),"") | I12: =COUNTIF($B$3:$B1008,$H$2:$H1008) -> 0 | L12: =H12 | M12: =I12 -> 0 | N12: =J12+G12+F12 -> 0 | O12: =IF(L12=0,today()+1,N12) -> 46178 | R12: 0 | S12: 0 | T12: 46178 | Z12: 0 | AB12: =IF($M$2:$M$30=0,$L$2:$L$30,"")
A13: 46083 | B13: BHARATHI | C13: VISHNUPRIYA | D13: 46083.839 | F13: =IF(COUNTIF(LEAVE!A:A,H:H)>0,TODAY(),"") | G13: =IF(countif(TODAY!$C$18,$H$2:$H999),today(),"") | I13: =COUNTIF($B$3:$B1009,$H$2:$H1009) -> 0 | L13: =H13 | M13: =I13 -> 0 | N13: =J13+G13+F13 -> 0 | O13: =IF(L13=0,today()+1,N13) -> 46178 | R13: 0 | S13: 0 | T13: 46178 | Z13: 0 | AB13: =IF($M$2:$M$30=0,$L$2:$L$30,"")
A14: 46085 | B14: DHANALAKSHMI | C14: NIVETHA | D14: 46085.835 | F14: =IF(COUNTIF(LEAVE!A:A,H:H)>0,TODAY(),"") | G14: =IF(countif(TODAY!$C$18,$H$2:$H999),today(),"") | I14: =COUNTIF($B$3:$B1010,$H$2:$H1010) -> 0 | L14: =H14 | M14: =I14 -> 0 | N14: =J14+G14+F14 -> 0 | O14: =IF(L14=0,today()+1,N14) -> 46178 | R14: 0 | S14: 0 | T14: 46178 | Z14: 0 | AB14: =IF($M$2:$M$30=0,$L$2:$L$30,"")
A15: 46086 | C15: NIVETHA | D15: 46086.827 | F15: =IF(COUNTIF(LEAVE!A:A,H:H)>0,TODAY(),"") | G15: =IF(countif(TODAY!$C$18,$H$2:$H999),today(),"") | I15: =COUNTIF($B$3:$B1011,$H$2:$H1011) -> 0 | L15: =H15 | M15: =I15 -> 0 | N15: =J15+G15+F15 -> 0 | O15: =IF(L15=0,today()+1,N15) -> 46178 | R15: 0 | S15: 0 | T15: 46178 | Z15: 0 | AB15: =IF($M$2:$M$30=0,$L$2:$L$30,"")
A16: 46087 | B16: YOGAPRIYA | C16: NIVETHA | D16: 46087.78 | F16: =IF(COUNTIF(LEAVE!A:A,H:H)>0,TODAY(),"") | G16: =IF(countif(TODAY!$C$18,$H$2:$H999),today(),"") | I16: =COUNTIF($B$3:$B1012,$H$2:$H1012) -> 0 | L16: =H16 | M16: =I16 -> 0 | N16: =J16+G16+F16 -> 0 | O16: =IF(L16=0,today()+1,N16) -> 46178 | R16: 0 | S16: 0 | T16: 46178 | Z16: 0 | AB16: =IF($M$2:$M$30=0,$L$2:$L$30,"")
A17: 46088 | B17: DEEPA | C17: NIVETHA | D17: 46088.829 | F17: =IF(COUNTIF(LEAVE!A:A,H:H)>0,TODAY(),"") | G17: =IF(countif(TODAY!$C$18,$H$2:$H999),today(),"") | I17: =COUNTIF($B$3:$B1013,$H$2:$H1013) -> 0 | L17: =H17 | M17: =I17 -> 0 | N17: =J17+G17+F17 -> 0 | O17: =IF(L17=0,today()+1,N17) -> 46178 | R17: 0 | S17: 0 | T17: 46178 | Z17: 0 | AB17: =IF($M$2:$M$30=0,$L$2:$L$30,"")
A18: 46089 | B18: RAJI-2 | C18: NIVETHA | D18: 46089.837 | F18: =IF(COUNTIF(LEAVE!A:A,H:H)>0,TODAY(),"") | G18: =IF(countif(TODAY!$C$18,$H$2:$H999),today(),"") | I18: =COUNTIF($B$3:$B1014,$H$2:$H1014) -> 0 | L18: =H18 | M18: =I18 -> 0 | N18: =J18+G18+F18 -> 0 | O18: =IF(L18=0,today()+1,N18) -> 46178 | R18: 0 | S18: 0 | T18: 46178 | Z18: 0 | AB18: =IF($M$2:$M$30=0,$L$2:$L$30,"")
A19: 46090 | B19: RAJI-1 | C19: NIVETHA | D19: 46090.835 | F19: =IF(COUNTIF(LEAVE!A:A,H:H)>0,TODAY(),"") | G19: =IF(countif(TODAY!$C$18,$H$2:$H999),today(),"") | I19: =COUNTIF($B$3:$B1015,$H$2:$H1015) -> 0 | L19: =H19 | M19: =I19 -> 0 | N19: =J19+G19+F19 -> 0 | O19: =IF(L19=0,today()+1,N19) -> 46178 | R19: 0 | S19: 0 | T19: 46178 | Z19: 0 | AB19: =IF($M$2:$M$30=0,$L$2:$L$30,"")
A20: 46092 | B20: VIJI-2 | C20: NIVETHA | D20: 46092.83 | F20: =IF(COUNTIF(LEAVE!A:A,H:H)>0,TODAY(),"") | G20: =IF(countif(TODAY!$C$18,$H$2:$H999),today(),"") | I20: =COUNTIF($B$3:$B1016,$H$2:$H1016) -> 0 | L20: =H20 | M20: =I20 -> 0 | N20: =J20+G20+F20 -> 0 | O20: =IF(L20=0,today()+1,N20) -> 46178 | R20: 0 | S20: 0 | T20: 46178 | Z20: 0 | AB20: =IF($M$2:$M$30=0,$L$2:$L$30,"")
A21: 46093 | B21: VIJI-1 | C21: VISHNUPRIYA | D21: 46093.838 | F21: =IF(COUNTIF(LEAVE!A:A,H:H)>0,TODAY(),"") | G21: =IF(countif(TODAY!$C$18,$H$2:$H999),today(),"") | I21: =COUNTIF($B$3:$B1017,$H$2:$H1017) -> 0 | L21: =H21 | M21: =I21 -> 0 | N21: =J21+G21+F21 -> 0 | O21: =IF(L21=0,today()+1,N21) -> 46178 | R21: 0 | S21: 0 | T21: 46178 | Z21: 0 | AB21: =IF($M$2:$M$30=0,$L$2:$L$30,"")
A22: 46095 | B22: DHANALAKSHMI | C22: NIVETHA | D22: 46095.797 | F22: =IF(COUNTIF(LEAVE!A:A,H:H)>0,TODAY(),"") | G22: =IF(countif(TODAY!$C$18,$H$2:$H999),today(),"") | I22: =COUNTIF($B$3:$B1018,$H$2:$H1018) -> 0 | L22: =H22 | M22: =I22 -> 0 | N22: =J22+G22+F22 -> 0 | O22: =IF(L22=0,today()+1,N22) -> 46178 | R22: 0 | S22: 0 | T22: 46178 | Z22: 0 | AB22: =IF($M$2:$M$30=0,$L$2:$L$30,"")
A23: 46096 | B23: BHARATHI | C23: VISHNUPRIYA | D23: 46096.817 | F23: =IF(COUNTIF(LEAVE!A:A,H:H)>0,TODAY(),"") | G23: =IF(countif(TODAY!$C$18,$H$2:$H999),today(),"") | I23: =COUNTIF($B$3:$B1019,$H$2:$H1019) -> 0 | L23: =H23 | M23: =I23 -> 0 | N23: =J23+G23+F23 -> 0 | O23: =IF(L23=0,today()+1,N23) -> 46178 | R23: 0 | S23: 0 | T23: 46178 | Z23: 0 | AB23: =IF($M$2:$M$30=0,$L$2:$L$30,"")
A24: 46097 | C24: NIVETHA | D24: 46097.823 | F24: =IF(COUNTIF(LEAVE!A:A,H:H)>0,TODAY(),"") | G24: =IF(countif(TODAY!$C$18,$H$2:$H999),today(),"") | I24: =COUNTIF($B$3:$B1020,$H$2:$H1020) -> 0 | L24: =H24 | M24: =I24 -> 0 | N24: =J24+G24+F24 -> 0 | O24: =IF(L24=0,today()+1,N24) -> 46178 | R24: 0 | S24: 0 | T24: 46178 | Z24: 0 | AB24: =IF($M$2:$M$30=0,$L$2:$L$30,"")
A25: 46099 | B25: DEEPA | C25: NIVETHA | D25: 46099.801 | F25: =IF(COUNTIF(LEAVE!A:A,H:H)>0,TODAY(),"") | G25: =IF(countif(TODAY!$C$18,$H$2:$H999),today(),"") | I25: =COUNTIF($B$3:$B1021,$H$2:$H1021) -> 0 | L25: =H25 | M25: =I25 -> 0 | N25: =J25+G25+F25 -> 0 | O25: =IF(L25=0,today()+1,N25) -> 46178 | R25: 0 | S25: 0 | T25: 46178 | Z25: 0 | AB25: =IF($M$2:$M$30=0,$L$2:$L$30,"")
A26: 46100 | B26: YOGAPRIYA | C26: NIVETHA | D26: 46100.831 | F26: =IF(COUNTIF(LEAVE!A:A,H:H)>0,TODAY(),"") | G26: =IF(countif(TODAY!$C$18,$H$2:$H999),today(),"") | I26: =COUNTIF($B$3:$B1022,$H$2:$H1022) -> 0 | L26: =H26 | M26: =I26 -> 0 | N26: =J26+G26+F26 -> 0 | O26: =IF(L26=0,today()+1,N26) -> 46178 | R26: 0 | S26: 0 | T26: 46178 | Z26: 0 | AB26: =IF($M$2:$M$30=0,$L$2:$L$30,"")
A27: 46102 | B27: RAJI-1 | C27: NIVETHA | D27: 46102.842 | F27: =IF(COUNTIF(LEAVE!A:A,H:H)>0,TODAY(),"") | G27: =IF(countif(TODAY!$C$18,$H$2:$H999),today(),"") | I27: =COUNTIF($B$3:$B1023,$H$2:$H1023) -> 0 | L27: =H27 | M27: =I27 -> 0 | N27: =J27+G27+F27 -> 0 | O27: =IF(L27=0,today()+1,N27) -> 46178 | R27: 0 | S27: 0 | T27: 46178 | Z27: 0
A28: 46103 | B28: VIJI-2 | C28: VISHNUPRIYA | D28: 46103.81 | F28: =IF(COUNTIF(LEAVE!A:A,H:H)>0,TODAY(),"") | G28: =IF(countif(TODAY!$C$18,$H$2:$H999),today(),"") | I28: =COUNTIF($B$3:$B1024,$H$2:$H1024) -> 0 | L28: =H28 | M28: =I28 -> 0 | N28: =J28+G28+F28 -> 0 | O28: =IF(L28=0,today()+1,N28) -> 46178 | R28: 0 | S28: 0 | T28: 46178 | Z28: 0
A29: 46104 | B29: RAJI-2 | C29: NIVETHA | D29: 46104.833 | F29: =IF(COUNTIF(LEAVE!A:A,H:H)>0,TODAY(),"") | G29: =IF(countif(TODAY!$C$18,$H$2:$H999),today(),"") | I29: =COUNTIF($B$3:$B1025,$H$2:$H1025) -> 0 | L29: =H29 | M29: =I29 -> 0 | N29: =J29+G29+F29 -> 0 | O29: =IF(L29=0,today()+1,N29) -> 46178 | R29: 0 | S29: 0 | T29: 46178
A30: 46106 | B30: DHANALAKSHMI | C30: CHINNAMMAL | D30: 46106.81 | F30: =IF(COUNTIF(LEAVE!A:A,H:H)>0,TODAY(),"") | G30: =IF(countif(TODAY!$C$18,$H$2:$H999),today(),"") | I30: =COUNTIF($B$3:$B1026,$H$2:$H1026) -> 0 | L30: =H30 | M30: =I30 -> 0 | N30: =J30+G30+F30 -> 0 | O30: =IF(L30=0,today()+1,N30) -> 46178 | Q30: RAJI-2 | R30: 7 | S30: 92342 | T30: 92342
A31: 46107 | B31: VIJI-1 | C31: NIVETHA | D31: 46107.829 | F31: =IF(COUNTIF(LEAVE!A:A,H:H)>0,TODAY(),"") | G31: =IF(countif(TODAY!$C$18,$H$2:$H999),today(),"") | I31: =COUNTIF($B$3:$B1027,$H$2:$H1027) -> 0 | L31: =H31 | M31: =I31 -> 0 | N31: =J31+G31+F31 -> 0 | O31: =IF(L31=0,today()+1,N31) -> 46178 | Q31: YOGAPRIYA | R31: 8 | S31: 92349 | T31: 92349
A32: 46110 | B32: BHARATHI | C32: NIVETHA | D32: 46110.845
A33: 46111 | C33: CHINNAMMAL | D33: 46111.847
A34: 46113 | B34: YOGAPRIYA
A35: 46114 | B35: DEEPA
A36: 46116 | B36: RAJI-1 | C36: NIVETHA | D36: 46116.828
A37: 46117 | B37: VIJI-2 | C37: VISHNUPRIYA | D37: 46117.837
A38: 46118 | B38: RAJI-2 | C38: NIVETHA | D38: 46118.809
A39: 46120 | B39: VIJI-1 | C39: CHINNAMMAL | D39: 46120.813
A40: 46121 | B40: DHANALAKSHMI | C40: MUTHUKUMAR | D40: 46121.837
A41: 46123 | C41: CHINNAMMAL | D41: 46123.828
A42: 46124 | B42: YOGAPRIYA | C42: VISHNUPRIYA | D42: 46124.843
A43: 46125 | B43: DEEPA | C43: NIVETHA | D43: 46125.84
A44: 46127 | B44: RAJI-1 | C44: NIVETHA | D44: 46127.841
A45: 46128 | B45: BHARATHI | C45: CHINNAMMAL | D45: 46128.809
A46: 46130 | B46: VIJI-2 | C46: CHINNAMMAL | D46: 46130.835
A47: 46131 | B47: RAJI-2 | C47: VISHNUPRIYA | D47: 46132.348
A48: 46134 | B48: VIJI-1 | C48: VISHNUPRIYA | D48: 46134.839
A49: 46137 | C49: VISHNUPRIYA | D49: 46137.84
A50: 46138 | B50: DHANALAKSHMI | C50: CHINNAMMAL | D50: 46138.835
A51: 46139 | B51: DEEPA | C51: CHINNAMMAL | D51: 46139.825
A52: 46141 | B52: DEEPA | C52: NIVETHA | D52: 46141.838
A53: 46142 | B53: YOGAPRIYA | C53: CHINNAMMAL | D53: 46142.829
A54: 46144 | B54: BHARATHI | C54: NIVETHA | D54: 46144.829
A55: 46145 | B55: RAJI-1 | C55: VISHNUPRIYA | D55: 46145.835
A56: 46146 | B56: VIJI-2 | C56: CHINNAMMAL | D56: 46146.827
A57: 46148 | B57: VIJI-1 | C57: NIVETHA | D57: 46148.832
A58: 46149 | B58: RAJI-2 | C58: NIVETHA | D58: 46149.828
A59: 46151 | B59: DHANALAKSHMI | C59: CHINNAMMAL | D59: 46151.839
A60: 46152 | C60: NIVETHA | D60: 46152.823
A61: 46153 | B61: RAJI-1 | C61: CHINNAMMAL | D61: 46153.813
A62: 46155 | B62: VIJI-2 | C62: VISHNUPRIYA | D62: 46155.834
A63: 46156 | B63: DEEPA | C63: CHINNAMMAL | D63: 46156.83
A64: 46158 | B64: BHARATHI | C64: NIVETHA | D64: 46158.838
A65: 46159 | B65: YOGAPRIYA | C65: NIVETHA | D65: 46159.843
A66: 46160 | B66: VIJI-1 | C66: NIVETHA | D66: 46160.832
A67: 46162 | B67: DHANALAKSHMI | C67: CHINNAMMAL | D67: 46162.81
A68: 46163 | C68: NIVETHA | D68: 46163.829
A69: 46165 | B69: RAJI-2 | C69: NIVETHA | D69: 46165.828
A70: 46166 | B70: RAJI-1 | C70: NIVETHA | D70: 46166.81
A71: 46167 | B71: VIJI-2 | C71: VISHNUPRIYA | D71: 46167.846
A72: 46169 | B72: BHARATHI | C72: VISHNUPRIYA | D72: 46169.831
A73: 46170 | B73: VIJI-1 | C73: NIVETHA | D73: 46170.82
A74: 46172 | B74: YOGAPRIYA | C74: CHINNAMMAL | D74: 46172.84
A75: 46173 | B75: DEEPA | C75: CHINNAMMAL | D75: 46173.834
A76: 46174 | B76: DHANALAKSHMI | C76: CHINNAMMAL | D76: 46174.837
A77: 46176 | B77: RAJI-1 | C77: NIVETHA | D77: 46176.848

Sheet CHITTAI
A1: CHITTAI
A2: DATE | B2: NAME | C2: ENTRY BY | D2: DATE & TIME | F2: =IF(COUNTIF(LEAVE!A:A,H:H)>0,TODAY(),"") | G2: =IF(countif($D1000:$D$1001,$H$2:$H1000),today(),"") | H2: {=STAFFS!K2:K1000} -> BHARATHI | I2: {=COUNTIF($B$3:$B1000,$H$2:$H1000)} -> 5 | J2: =IFERROR(__xludf.DUMMYFUNCTION("arrayformula(iferror(vlookup($H$2:$H1000, query($A$3:$B1000,""select B, max(A) group by B"",0),2,false)))"),46161.0) -> 46161 | L2: =H2 -> BHARATHI | M2: =I2 -> 5 | N2: =J2+G2+F2 -> 46161 | O2: =IF(L2=0,today()+1,N2) -> 46161 | Q2: {=SORT(L2:O1000,4,TRUE)} -> VIJI-1 | R2: 3 | S2: 45976 | T2: 45976 | V2: {=SORT(Q2:T1000,4,true)} -> VIJI-1 | X2: {=SORT(Q2:T8,2,true)} -> DEEPA | Y2: {=SORT(H2:I28,2,FALSE)} -> BHARATHI | Z2: 5 | AB2: =IF($M$2:$M$30=0,$L$2:$L$30,"")
A3: 45933 | B3: RAJI-1 | C3: VISHNUPRIYA | D3: 45933.791 | F3: =IF(COUNTIF(LEAVE!A:A,H:H)>0,TODAY(),"") | G3: =IF(countif($D1001:$D$1001,$H$2:$H1001),today(),"") | H3: DEEPA | I3: =COUNTIF($B$3:$B1000,$H$2:$H1000) -> 2 | J3: =IFERROR(__xludf.DUMMYFUNCTION("""COMPUTED_VALUE"""),46159.0) -> 46159 | L3: =H3 -> DEEPA | M3: =I3 -> 2 | N3: =J3+G3+F3 -> 46159 | O3: =IF(L3=0,today()+1,N3) -> 46159 | Q3: RAJI-1 | R3: 3 | S3: 46142 | T3: 46142 | V3: RAJI-1 | X3: VIJI-1 | Y3: RAJI-2 | Z3: 5 | AB3: =IF($M$2:$M$30=0,$L$2:$L$30,"")
A4: 45939 | B4: VIJI-1 | D4: 45939.816 | F4: =IF(COUNTIF(LEAVE!A:A,H:H)>0,TODAY(),"") | G4: =IF(countif($D1002:$D$1001,$H$2:$H1002),today(),"") | H4: DHANALAKSHMI | I4: =COUNTIF($B$3:$B1001,$H$2:$H1001) -> 4 | J4: =IFERROR(__xludf.DUMMYFUNCTION("""COMPUTED_VALUE"""),46162.0) -> 46162 | L4: =H4 -> DHANALAKSHMI | M4: =I4 -> 4 | N4: =J4+G4+F4 -> 46162 | O4: =IF(L4=0,today()+1,N4) -> 46162 | Q4: DEEPA | R4: 2 | S4: 46159 | T4: 46159 | V4: DEEPA | X4: RAJI-1 | Y4: DHANALAKSHMI | Z4: 4 | AB4: =IF($M$2:$M$30=0,$L$2:$L$30,"")
A5: 45940 | B5: VIJI-2 | C5: NIVETHA | D5: 45940.83 | F5: =IF(COUNTIF(LEAVE!A:A,H:H)>0,TODAY(),"") | G5: =IF(countif($D1003:$D$1001,$H$2:$H1003),today(),"") | H5: RAJI-1 | I5: =COUNTIF($B$3:$B1002,$H$2:$H1002) -> 3 | J5: =IFERROR(__xludf.DUMMYFUNCTION("""COMPUTED_VALUE"""),46142.0) -> 46142 | L5: =H5 -> RAJI-1 | M5: =I5 -> 3 | N5: =J5+G5+F5 -> 46142 | O5: =IF(L5=0,today()+1,N5) -> 46142 | Q5: VIJI-2 | R5: 4 | S5: 46160 | T5: 46160 | V5: VIJI-2 | X5: VIJI-2 | Y5: VIJI-2 | Z5: 4 | AB5: =IF($M$2:$M$30=0,$L$2:$L$30,"")
A6: 45952 | B6: DEEPA | C6: VISHNUPRIYA | D6: 45952.826 | F6: =IF(COUNTIF(LEAVE!A:A,H:H)>0,TODAY(),"") | G6: =IF(countif($D1004:$D$1001,$H$2:$H1004),today(),"") | H6: RAJI-2 | I6: =COUNTIF($B$3:$B1003,$H$2:$H1003) -> 5 | J6: =IFERROR(__xludf.DUMMYFUNCTION("""COMPUTED_VALUE"""),46162.0) -> 46162 | L6: =H6 -> RAJI-2 | M6: =I6 -> 5 | N6: =J6+G6+F6 -> 46162 | O6: =IF(L6=0,today()+1,N6) -> 46162 | Q6: BHARATHI | R6: 5 | S6: 46161 | T6: 46161 | V6: BHARATHI | X6: DHANALAKSHMI | Y6: RAJI-1 | Z6: 3 | AB6: =IF($M$2:$M$30=0,$L$2:$L$30,"")
A7: 45953 | B7: DHANALAKSHMI | D7: 45953.814 | F7: =IF(COUNTIF(LEAVE!A:A,H:H)>0,TODAY(),"") | G7: =IF(countif($D1005:$D$1001,$H$2:$H1005),today(),"") | H7: VIJI-1 | I7: =COUNTIF($B$3:$B1004,$H$2:$H1004) -> 3 | J7: =IFERROR(__xludf.DUMMYFUNCTION("""COMPUTED_VALUE"""),45976.0) -> 45976 | L7: =H7 -> VIJI-1 | M7: =I7 -> 3 | N7: =J7+G7+F7 -> 45976 | O7: =IF(L7=0,today()+1,N7) -> 45976 | Q7: DHANALAKSHMI | R7: 4 | S7: 46162 | T7: 46162 | V7: DHANALAKSHMI | X7: BHARATHI | Y7: VIJI-1 | Z7: 3 | AB7: =IF($M$2:$M$30=0,$L$2:$L$30,"")
A8: 45966 | B8: VIJI-1 | D8: 45966.782 | F8: =IF(COUNTIF(LEAVE!A:A,H:H)>0,TODAY(),"") | G8: =IF(countif($D1006:$D$1001,$H$2:$H1006),today(),"") | H8: VIJI-2 | I8: =COUNTIF($B$3:$B1005,$H$2:$H1005) -> 4 | J8: =IFERROR(__xludf.DUMMYFUNCTION("""COMPUTED_VALUE"""),46160.0) -> 46160 | L8: =H8 -> VIJI-2 | M8: =I8 -> 4 | N8: =J8+G8+F8 -> 46160 | O8: =IF(L8=0,today()+1,N8) -> 46160 | Q8: RAJI-2 | R8: 5 | S8: 46162 | T8: 46162 | V8: RAJI-2 | X8: RAJI-2 | Y8: DEEPA | Z8: 2 | AB8: =IF($M$2:$M$30=0,$L$2:$L$30,"")
A9: 45967 | B9: VIJI-2 | D9: 45967.79 | F9: =IF(COUNTIF(LEAVE!A:A,H:H)>0,TODAY(),"") -> 46177 | G9: =IF(countif($D1007:$D$1001,$H$2:$H1007),today(),"") | H9: YOGAPRIYA | I9: =COUNTIF($B$3:$B1006,$H$2:$H1006) -> 1 | J9: =IFERROR(__xludf.DUMMYFUNCTION("""COMPUTED_VALUE"""),46112.0) -> 46112 | L9: =H9 -> YOGAPRIYA | M9: =I9 -> 1 | N9: =J9+G9+F9 -> 92289 | O9: =IF(L9=0,today()+1,N9) -> 92289 | R9: 0 | S9: 0 | T9: 46178 | Y9: YOGAPRIYA | Z9: 1 | AB9: =IF($M$2:$M$30=0,$L$2:$L$30,"")
A10: 45974 | B10: RAJI-1 | D10: 45974.799 | F10: =IF(COUNTIF(LEAVE!A:A,H:H)>0,TODAY(),"") | G10: =IF(countif($D1008:$D$1001,$H$2:$H1008),today(),"") | I10: =COUNTIF($B$3:$B1007,$H$2:$H1007) -> 0 | L10: =H10 | M10: =I10 -> 0 | N10: =J10+G10+F10 -> 0 | O10: =IF(L10=0,today()+1,N10) -> 46178 | R10: 0 | S10: 0 | T10: 46178 | Z10: 0 | AB10: =IF($M$2:$M$30=0,$L$2:$L$30,"")
A11: 45975 | B11: DHANALAKSHMI | D11: 45975.805 | F11: =IF(COUNTIF(LEAVE!A:A,H:H)>0,TODAY(),"") | G11: =IF(countif($D1009:$D$1001,$H$2:$H1009),today(),"") | I11: =COUNTIF($B$3:$B1008,$H$2:$H1008) -> 0 | L11: =H11 | M11: =I11 -> 0 | N11: =J11+G11+F11 -> 0 | O11: =IF(L11=0,today()+1,N11) -> 46178 | R11: 0 | S11: 0 | T11: 46178 | Z11: 0 | AB11: =IF($M$2:$M$30=0,$L$2:$L$30,"")
A12: 45976 | B12: VIJI-1 | D12: 45976.807 | F12: =IF(COUNTIF(LEAVE!A:A,H:H)>0,TODAY(),"") | G12: =IF(countif($D1010:$D$1001,$H$2:$H1010),today(),"") | I12: =COUNTIF($B$3:$B1009,$H$2:$H1009) -> 0 | L12: =H12 | M12: =I12 -> 0 | N12: =J12+G12+F12 -> 0 | O12: =IF(L12=0,today()+1,N12) -> 46178 | R12: 0 | S12: 0 | T12: 46178 | Z12: 0 | AB12: =IF($M$2:$M$30=0,$L$2:$L$30,"")
A13: 46041 | B13: VIJI-2 | C13: NIVETHA | D13: 46041.827 | F13: =IF(COUNTIF(LEAVE!A:A,H:H)>0,TODAY(),"") | G13: =IF(countif($D1011:$D$1001,$H$2:$H1011),today(),"") | I13: =COUNTIF($B$3:$B1010,$H$2:$H1010) -> 0 | L13: =H13 | M13: =I13 -> 0 | N13: =J13+G13+F13 -> 0 | O13: =IF(L13=0,today()+1,N13) -> 46178 | R13: 0 | S13: 0 | T13: 46178 | Z13: 0 | AB13: =IF($M$2:$M$30=0,$L$2:$L$30,"")
A14: 46068 | B14: RAJI-2 | C14: VISHNUPRIYA | D14: 46068.822 | F14: =IF(COUNTIF(LEAVE!A:A,H:H)>0,TODAY(),"") | G14: =IF(countif($D1012:$D$1001,$H$2:$H1012),today(),"") | I14: =COUNTIF($B$3:$B1011,$H$2:$H1011) -> 0 | L14: =H14 | M14: =I14 -> 0 | N14: =J14+G14+F14 -> 0 | O14: =IF(L14=0,today()+1,N14) -> 46178 | R14: 0 | S14: 0 | T14: 46178 | Z14: 0 | AB14: =IF($M$2:$M$30=0,$L$2:$L$30,"")
A15: 46085 | B15: BHARATHI | C15: NIVETHA | D15: 46085.835 | F15: =IF(COUNTIF(LEAVE!A:A,H:H)>0,TODAY(),"") | G15: =IF(countif($D1013:$D$1001,$H$2:$H1013),today(),"") | I15: =COUNTIF($B$3:$B1012,$H$2:$H1012) -> 0 | L15: =H15 | M15: =I15 -> 0 | N15: =J15+G15+F15 -> 0 | O15: =IF(L15=0,today()+1,N15) -> 46178 | R15: 0 | S15: 0 | T15: 46178 | Z15: 0 | AB15: =IF($M$2:$M$30=0,$L$2:$L$30,"")
A16: 46092 | B16: BHARATHI | C16: NIVETHA | D16: 46092.83 | F16: =IF(COUNTIF(LEAVE!A:A,H:H)>0,TODAY(),"") | G16: =IF(countif($D1014:$D$1001,$H$2:$H1014),today(),"") | I16: =COUNTIF($B$3:$B1013,$H$2:$H1013) -> 0 | L16: =H16 | M16: =I16 -> 0 | N16: =J16+G16+F16 -> 0 | O16: =IF(L16=0,today()+1,N16) -> 46178 | R16: 0 | S16: 0 | T16: 46178 | Z16: 0 | AB16: =IF($M$2:$M$30=0,$L$2:$L$30,"")
A17: 46096 | B17: RAJI-2 | C17: VISHNUPRIYA | D17: 46096.817 | F17: =IF(COUNTIF(LEAVE!A:A,H:H)>0,TODAY(),"") | G17: =IF(countif($D1015:$D$1001,$H$2:$H1015),today(),"") | I17: =COUNTIF($B$3:$B1014,$H$2:$H1014) -> 0 | L17: =H17 | M17: =I17 -> 0 | N17: =J17+G17+F17 -> 0 | O17: =IF(L17=0,today()+1,N17) -> 46178 | R17: 0 | S17: 0 | T17: 46178 | Z17: 0 | AB17: =IF($M$2:$M$30=0,$L$2:$L$30,"")
A18: 46097 | C18: NIVETHA | D18: 46097.823 | F18: =IF(COUNTIF(LEAVE!A:A,H:H)>0,TODAY(),"") | G18: =IF(countif($D1016:$D$1001,$H$2:$H1016),today(),"") | I18: =COUNTIF($B$3:$B1015,$H$2:$H1015) -> 0 | L18: =H18 | M18: =I18 -> 0 | N18: =J18+G18+F18 -> 0 | O18: =IF(L18=0,today()+1,N18) -> 46178 | R18: 0 | S18: 0 | T18: 46178 | Z18: 0 | AB18: =IF($M$2:$M$30=0,$L$2:$L$30,"")
A19: 46102 | C19: NIVETHA | D19: 46102.842 | F19: =IF(COUNTIF(LEAVE!A:A,H:H)>0,TODAY(),"") | G19: =IF(countif($D1017:$D$1001,$H$2:$H1017),today(),"") | I19: =COUNTIF($B$3:$B1016,$H$2:$H1016) -> 0 | L19: =H19 | M19: =I19 -> 0 | N19: =J19+G19+F19 -> 0 | O19: =IF(L19=0,today()+1,N19) -> 46178 | R19: 0 | S19: 0 | T19: 46178 | Z19: 0 | AB19: =IF($M$2:$M$30=0,$L$2:$L$30,"")
A20: 46104 | B20: RAJI-2 | C20: NIVETHA | D20: 46104.833 | F20: =IF(COUNTIF(LEAVE!A:A,H:H)>0,TODAY(),"") | G20: =IF(countif($D1018:$D$1001,$H$2:$H1018),today(),"") | I20: =COUNTIF($B$3:$B1017,$H$2:$H1017) -> 0 | L20: =H20 | M20: =I20 -> 0 | N20: =J20+G20+F20 -> 0 | O20: =IF(L20=0,today()+1,N20) -> 46178 | R20: 0 | S20: 0 | T20: 46178 | Z20: 0 | AB20: =IF($M$2:$M$30=0,$L$2:$L$30,"")
A21: 46112 | B21: YOGAPRIYA | C21: CHINNAMMAL | D21: 46112.82 | F21: =IF(COUNTIF(LEAVE!A:A,H:H)>0,TODAY(),"") | G21: =IF(countif($D1019:$D$1001,$H$2:$H1019),today(),"") | I21: =COUNTIF($B$3:$B1018,$H$2:$H1018) -> 0 | L21: =H21 | M21: =I21 -> 0 | N21: =J21+G21+F21 -> 0 | O21: =IF(L21=0,today()+1,N21) -> 46178 | R21: 0 | S21: 0 | T21: 46178 | Z21: 0 | AB21: =IF($M$2:$M$30=0,$L$2:$L$30,"")
A22: 46116 | B22: BHARATHI | C22: NIVETHA | D22: 46116.828 | F22: =IF(COUNTIF(LEAVE!A:A,H:H)>0,TODAY(),"") | G22: =IF(countif($D1020:$D$1001,$H$2:$H1020),today(),"") | I22: =COUNTIF($B$3:$B1019,$H$2:$H1019) -> 0 | L22: =H22 | M22: =I22 -> 0 | N22: =J22+G22+F22 -> 0 | O22: =IF(L22=0,today()+1,N22) -> 46178 | R22: 0 | S22: 0 | T22: 46178 | Z22: 0 | AB22: =IF($M$2:$M$30=0,$L$2:$L$30,"")
A23: 46117 | B23: DHANALAKSHMI | C23: VISHNUPRIYA | D23: 46117.837 | F23: =IF(COUNTIF(LEAVE!A:A,H:H)>0,TODAY(),"") | G23: =IF(countif($D1021:$D$1001,$H$2:$H1021),today(),"") | I23: =COUNTIF($B$3:$B1020,$H$2:$H1020) -> 0 | L23: =H23 | M23: =I23 -> 0 | N23: =J23+G23+F23 -> 0 | O23: =IF(L23=0,today()+1,N23) -> 46178 | R23: 0 | S23: 0 | T23: 46178 | Z23: 0 | AB23: =IF($M$2:$M$30=0,$L$2:$L$30,"")
A24: 46139 | C24: CHINNAMMAL | D24: 46139.825 | F24: =IF(COUNTIF(LEAVE!A:A,H:H)>0,TODAY(),"") | G24: =IF(countif($D1022:$D$1001,$H$2:$H1022),today(),"") | I24: =COUNTIF($B$3:$B1021,$H$2:$H1021) -> 0 | L24: =H24 | M24: =I24 -> 0 | N24: =J24+G24+F24 -> 0 | O24: =IF(L24=0,today()+1,N24) -> 46178 | R24: 0 | S24: 0 | T24: 46178 | Z24: 0 | AB24: =IF($M$2:$M$30=0,$L$2:$L$30,"")
A25: 46142 | B25: RAJI-1 | C25: CHINNAMMAL | D25: 46142.829 | F25: =IF(COUNTIF(LEAVE!A:A,H:H)>0,TODAY(),"") | G25: =IF(countif($D1023:$D$1001,$H$2:$H1023),today(),"") | I25: =COUNTIF($B$3:$B1022,$H$2:$H1022) -> 0 | L25: =H25 | M25: =I25 -> 0 | N25: =J25+G25+F25 -> 0 | O25: =IF(L25=0,today()+1,N25) -> 46178 | R25: 0 | S25: 0 | T25: 46178 | Z25: 0 | AB25: =IF($M$2:$M$30=0,$L$2:$L$30,"")
A26: 46146 | B26: RAJI-2 | C26: CHINNAMMAL | D26: 46146.827 | F26: =IF(COUNTIF(LEAVE!A:A,H:H)>0,TODAY(),"") | G26: =IF(countif($D1024:$D$1001,$H$2:$H1024),today(),"") | I26: =COUNTIF($B$3:$B1023,$H$2:$H1023) -> 0 | L26: =H26 | M26: =I26 -> 0 | N26: =J26+G26+F26 -> 0 | O26: =IF(L26=0,today()+1,N26) -> 46178 | R26: 0 | S26: 0 | T26: 46178 | Z26: 0 | AB26: =IF($M$2:$M$30=0,$L$2:$L$30,"")
A27: 46153 | B27: BHARATHI | C27: CHINNAMMAL | D27: 46153.813 | F27: =IF(COUNTIF(LEAVE!A:A,H:H)>0,TODAY(),"") | G27: =IF(countif($D1025:$D$1001,$H$2:$H1025),today(),"") | I27: =COUNTIF($B$3:$B1024,$H$2:$H1024) -> 0 | L27: =H27 | M27: =I27 -> 0 | N27: =J27+G27+F27 -> 0 | O27: =IF(L27=0,today()+1,N27) -> 46178 | R27: 0 | S27: 0 | T27: 46178 | Z27: 0
A28: 46159 | B28: DEEPA | C28: NIVETHA | D28: 46159.843 | F28: =IF(COUNTIF(LEAVE!A:A,H:H)>0,TODAY(),"") | G28: =IF(countif($D1026:$D$1001,$H$2:$H1026),today(),"") | I28: =COUNTIF($B$3:$B1025,$H$2:$H1025) -> 0 | L28: =H28 | M28: =I28 -> 0 | N28: =J28+G28+F28 -> 0 | O28: =IF(L28=0,today()+1,N28) -> 46178 | R28: 0 | S28: 0 | T28: 46178 | Z28: 0
A29: 46160 | B29: VIJI-2 | C29: NIVETHA | D29: 46160.832 | F29: =IF(COUNTIF(LEAVE!A:A,H:H)>0,TODAY(),"") | G29: =IF(countif($D1027:$D$1001,$H$2:$H1027),today(),"") | I29: =COUNTIF($B$3:$B1026,$H$2:$H1026) -> 0 | L29: =H29 | M29: =I29 -> 0 | N29: =J29+G29+F29 -> 0 | O29: =IF(L29=0,today()+1,N29) -> 46178 | R29: 0 | S29: 0 | T29: 46178
A30: 46161 | B30: BHARATHI | C30: NIVETHA | D30: 46161.827 | F30: =IF(COUNTIF(LEAVE!A:A,H:H)>0,TODAY(),"") | G30: =IF(countif($D1028:$D$1001,$H$2:$H1028),today(),"") | I30: =COUNTIF($B$3:$B1027,$H$2:$H1027) -> 0 | L30: =H30 | M30: =I30 -> 0 | N30: =J30+G30+F30 -> 0 | O30: =IF(L30=0,today()+1,N30) -> 46178 | R30: 0 | S30: 0 | T30: 46178
A31: 46162 | B31: RAJI-2 | C31: CHINNAMMAL | D31: 46162.81 | F31: =IF(COUNTIF(LEAVE!A:A,H:H)>0,TODAY(),"") | G31: =IF(countif($D1029:$D$1001,$H$2:$H1029),today(),"") | I31: =COUNTIF($B$3:$B1028,$H$2:$H1028) -> 0 | L31: =H31 | M31: =I31 -> 0 | N31: =J31+G31+F31 -> 0 | O31: =IF(L31=0,today()+1,N31) -> 46178 | Q31: YOGAPRIYA | R31: 1 | S31: 92289 | T31: 92289
A32: 46162 | B32: DHANALAKSHMI

Sheet CASH
A1: CASH
A2: DATE | B2: NAME | C2: ENTRY BY | D2: DATE & TIME | F2: =IF(COUNTIF(LEAVE!A:A,H:H)>0,TODAY(),"") | G2: =IF(countif(TODAY!$E$24,$H$2:$H999),today(),"") | H2: {=STAFFS!O2:O999} -> CHINNAMMAL | I2: {=COUNTIF($B$3:$B999,$H$2:$H999)} -> 9 | J2: =IFERROR(__xludf.DUMMYFUNCTION("arrayformula(iferror(vlookup($H$2:$H999, query($A$3:$B999,""select B, max(A) group by B"",0),2,false)))"),46058.0) -> 46058 | L2: =H2 -> CHINNAMMAL | M2: =I2 -> 9 | N2: =J2+G2+F2 -> 46058 | O2: =IF(L2=0,today()+1,N2) -> 46058 | Q2: {=SORT(L2:O999,4,TRUE)} -> SAHANA | R2: 35 | S2: 46056 | T2: 46056 | V2: {=SORT(Q2:T999,4,true)} -> SAHANA | X2: {=SORT(Q2:T8,2,true)} | Y2: {=SORT(H2:I28,2,FALSE)} -> SAHANA | Z2: 35 | AB2: =IF($M$2:$M$30=0,$L$2:$L$30,"")
A3: 45526 | B3: SAHANA | F3: =IF(COUNTIF(LEAVE!A:A,H:H)>0,TODAY(),"") | G3: =IF(countif(TODAY!$E$24,$H$2:$H999),today(),"") | H3: JEYANTHI | I3: =COUNTIF($B$3:$B999,$H$2:$H999) -> 3 | J3: =IFERROR(__xludf.DUMMYFUNCTION("""COMPUTED_VALUE"""),46065.0) -> 46065 | L3: =H3 -> JEYANTHI | M3: =I3 -> 3 | N3: =J3+G3+F3 -> 46065 | O3: =IF(L3=0,today()+1,N3) -> 46065 | Q3: SUDHARSHINI | R3: 32 | S3: 46057 | T3: 46057 | V3: SUDHARSHINI | Y3: SUDHARSHINI | Z3: 32 | AB3: =IF($M$2:$M$30=0,$L$2:$L$30,"")
A4: 45528 | B4: SUDHARSHINI | F4: =IF(COUNTIF(LEAVE!A:A,H:H)>0,TODAY(),"") | G4: =IF(countif(TODAY!$E$24,$H$2:$H999),today(),"") | H4: SAHANA | I4: =COUNTIF($B$3:$B1000,$H$2:$H1000) -> 35 | J4: =IFERROR(__xludf.DUMMYFUNCTION("""COMPUTED_VALUE"""),46056.0) -> 46056 | L4: =H4 -> SAHANA | M4: =I4 -> 35 | N4: =J4+G4+F4 -> 46056 | O4: =IF(L4=0,today()+1,N4) -> 46056 | Q4: CHINNAMMAL | R4: 9 | S4: 46058 | T4: 46058 | V4: CHINNAMMAL | X4: JEYANTHI | Y4: CHINNAMMAL | Z4: 9 | AB4: =IF($M$2:$M$30=0,$L$2:$L$30,"")
A5: 45536 | B5: SAHANA | F5: =IF(COUNTIF(LEAVE!A:A,H:H)>0,TODAY(),"") | G5: =IF(countif(TODAY!$E$24,$H$2:$H999),today(),"") | H5: SUDHARSHINI | I5: =COUNTIF($B$3:$B1001,$H$2:$H1001) -> 32 | J5: =IFERROR(__xludf.DUMMYFUNCTION("""COMPUTED_VALUE"""),46057.0) -> 46057 | L5: =H5 -> SUDHARSHINI | M5: =I5 -> 32 | N5: =J5+G5+F5 -> 46057 | O5: =IF(L5=0,today()+1,N5) -> 46057 | Q5: YAMUNA | R5: 7 | S5: 46059 | T5: 46059 | V5: YAMUNA | X5: YAMUNA | Y5: YAMUNA | Z5: 7 | AB5: =IF($M$2:$M$30=0,$L$2:$L$30,"")
A6: 45539 | B6: SUDHARSHINI | F6: =IF(COUNTIF(LEAVE!A:A,H:H)>0,TODAY(),"") | G6: =IF(countif(TODAY!$E$24,$H$2:$H999),today(),"") | H6: YAMUNA | I6: =COUNTIF($B$3:$B1002,$H$2:$H1002) -> 7 | J6: =IFERROR(__xludf.DUMMYFUNCTION("""COMPUTED_VALUE"""),46059.0) -> 46059 | L6: =H6 -> YAMUNA | M6: =I6 -> 7 | N6: =J6+G6+F6 -> 46059 | O6: =IF(L6=0,today()+1,N6) -> 46059 | Q6: JEYANTHI | R6: 3 | S6: 46065 | T6: 46065 | V6: JEYANTHI | X6: CHINNAMMAL | Y6: JEYANTHI | Z6: 3 | AB6: =IF($M$2:$M$30=0,$L$2:$L$30,"")
A7: 45546 | B7: SAHANA | F7: =IF(COUNTIF(LEAVE!A:A,H:H)>0,TODAY(),"") | G7: =IF(countif(TODAY!$E$24,$H$2:$H999),today(),"") | I7: =COUNTIF($B$3:$B1003,$H$2:$H1003) -> 0 | L7: =H7 | M7: =I7 -> 0 | N7: =J7+G7+F7 -> 0 | O7: =IF(L7=0,today()+1,N7) -> 46178 | R7: 0 | S7: 0 | T7: 46178 | X7: SUDHARSHINI | Z7: 0 | AB7: =IF($M$2:$M$30=0,$L$2:$L$30,"")
A8: 45548 | B8: SUDHARSHINI | F8: =IF(COUNTIF(LEAVE!A:A,H:H)>0,TODAY(),"") | G8: =IF(countif(TODAY!$E$24,$H$2:$H999),today(),"") | I8: =COUNTIF($B$3:$B1004,$H$2:$H1004) -> 0 | L8: =H8 | M8: =I8 -> 0 | N8: =J8+G8+F8 -> 0 | O8: =IF(L8=0,today()+1,N8) -> 46178 | R8: 0 | S8: 0 | T8: 46178 | X8: SAHANA | Z8: 0 | AB8: =IF($M$2:$M$30=0,$L$2:$L$30,"")
A9: 45555 | B9: SAHANA | F9: =IF(COUNTIF(LEAVE!A:A,H:H)>0,TODAY(),"") | G9: =IF(countif(TODAY!$E$24,$H$2:$H999),today(),"") | I9: =COUNTIF($B$3:$B1005,$H$2:$H1005) -> 0 | L9: =H9 | M9: =I9 -> 0 | N9: =J9+G9+F9 -> 0 | O9: =IF(L9=0,today()+1,N9) -> 46178 | R9: 0 | S9: 0 | T9: 46178 | Z9: 0 | AB9: =IF($M$2:$M$30=0,$L$2:$L$30,"")
A10: 45557 | B10: SUDHARSHINI | F10: =IF(COUNTIF(LEAVE!A:A,H:H)>0,TODAY(),"") | G10: =IF(countif(TODAY!$E$24,$H$2:$H999),today(),"") | I10: =COUNTIF($B$3:$B1006,$H$2:$H1006) -> 0 | L10: =H10 | M10: =I10 -> 0 | N10: =J10+G10+F10 -> 0 | O10: =IF(L10=0,today()+1,N10) -> 46178 | R10: 0 | S10: 0 | T10: 46178 | Z10: 0 | AB10: =IF($M$2:$M$30=0,$L$2:$L$30,"")
A11: 45564 | B11: SAHANA | F11: =IF(COUNTIF(LEAVE!A:A,H:H)>0,TODAY(),"") | G11: =IF(countif(TODAY!$E$24,$H$2:$H999),today(),"") | I11: =COUNTIF($B$3:$B1007,$H$2:$H1007) -> 0 | L11: =H11 | M11: =I11 -> 0 | N11: =J11+G11+F11 -> 0 | O11: =IF(L11=0,today()+1,N11) -> 46178 | R11: 0 | S11: 0 | T11: 46178 | Z11: 0 | AB11: =IF($M$2:$M$30=0,$L$2:$L$30,"")
A12: 45565 | B12: SUDHARSHINI | F12: =IF(COUNTIF(LEAVE!A:A,H:H)>0,TODAY(),"") | G12: =IF(countif(TODAY!$E$24,$H$2:$H999),today(),"") | I12: =COUNTIF($B$3:$B1008,$H$2:$H1008) -> 0 | L12: =H12 | M12: =I12 -> 0 | N12: =J12+G12+F12 -> 0 | O12: =IF(L12=0,today()+1,N12) -> 46178 | R12: 0 | S12: 0 | T12: 46178 | Z12: 0 | AB12: =IF($M$2:$M$30=0,$L$2:$L$30,"")
A13: 45572 | B13: SAHANA | F13: =IF(COUNTIF(LEAVE!A:A,H:H)>0,TODAY(),"") | G13: =IF(countif(TODAY!$E$24,$H$2:$H999),today(),"") | I13: =COUNTIF($B$3:$B1009,$H$2:$H1009) -> 0 | L13: =H13 | M13: =I13 -> 0 | N13: =J13+G13+F13 -> 0 | O13: =IF(L13=0,today()+1,N13) -> 46178 | R13: 0 | S13: 0 | T13: 46178 | Z13: 0 | AB13: =IF($M$2:$M$30=0,$L$2:$L$30,"")
A14: 45573 | B14: SUDHARSHINI | F14: =IF(COUNTIF(LEAVE!A:A,H:H)>0,TODAY(),"") | G14: =IF(countif(TODAY!$E$24,$H$2:$H999),today(),"") | I14: =COUNTIF($B$3:$B1010,$H$2:$H1010) -> 0 | L14: =H14 | M14: =I14 -> 0 | N14: =J14+G14+F14 -> 0 | O14: =IF(L14=0,today()+1,N14) -> 46178 | R14: 0 | S14: 0 | T14: 46178 | Z14: 0 | AB14: =IF($M$2:$M$30=0,$L$2:$L$30,"")
A15: 45579 | B15: SAHANA | F15: =IF(COUNTIF(LEAVE!A:A,H:H)>0,TODAY(),"") | G15: =IF(countif(TODAY!$E$24,$H$2:$H999),today(),"") | I15: =COUNTIF($B$3:$B1011,$H$2:$H1011) -> 0 | L15: =H15 | M15: =I15 -> 0 | N15: =J15+G15+F15 -> 0 | O15: =IF(L15=0,today()+1,N15) -> 46178 | R15: 0 | S15: 0 | T15: 46178 | Z15: 0 | AB15: =IF($M$2:$M$30=0,$L$2:$L$30,"")
A16: 45581 | B16: SUDHARSHINI | F16: =IF(COUNTIF(LEAVE!A:A,H:H)>0,TODAY(),"") | G16: =IF(countif(TODAY!$E$24,$H$2:$H999),today(),"") | I16: =COUNTIF($B$3:$B1012,$H$2:$H1012) -> 0 | L16: =H16 | M16: =I16 -> 0 | N16: =J16+G16+F16 -> 0 | O16: =IF(L16=0,today()+1,N16) -> 46178 | R16: 0 | S16: 0 | T16: 46178 | Z16: 0 | AB16: =IF($M$2:$M$30=0,$L$2:$L$30,"")
A17: 45587 | B17: SAHANA | F17: =IF(COUNTIF(LEAVE!A:A,H:H)>0,TODAY(),"") | G17: =IF(countif(TODAY!$E$24,$H$2:$H999),today(),"") | I17: =COUNTIF($B$3:$B1013,$H$2:$H1013) -> 0 | L17: =H17 | M17: =I17 -> 0 | N17: =J17+G17+F17 -> 0 | O17: =IF(L17=0,today()+1,N17) -> 46178 | R17: 0 | S17: 0 | T17: 46178 | Z17: 0 | AB17: =IF($M$2:$M$30=0,$L$2:$L$30,"")
A18: 45589 | B18: SUDHARSHINI | F18: =IF(COUNTIF(LEAVE!A:A,H:H)>0,TODAY(),"") | G18: =IF(countif(TODAY!$E$24,$H$2:$H999),today(),"") | I18: =COUNTIF($B$3:$B1014,$H$2:$H1014) -> 0 | L18: =H18 | M18: =I18 -> 0 | N18: =J18+G18+F18 -> 0 | O18: =IF(L18=0,today()+1,N18) -> 46178 | R18: 0 | S18: 0 | T18: 46178 | Z18: 0 | AB18: =IF($M$2:$M$30=0,$L$2:$L$30,"")
A19: 45595 | B19: SAHANA | F19: =IF(COUNTIF(LEAVE!A:A,H:H)>0,TODAY(),"") | G19: =IF(countif(TODAY!$E$24,$H$2:$H999),today(),"") | I19: =COUNTIF($B$3:$B1015,$H$2:$H1015) -> 0 | L19: =H19 | M19: =I19 -> 0 | N19: =J19+G19+F19 -> 0 | O19: =IF(L19=0,today()+1,N19) -> 46178 | R19: 0 | S19: 0 | T19: 46178 | Z19: 0 | AB19: =IF($M$2:$M$30=0,$L$2:$L$30,"")
A20: 45598 | B20: SUDHARSHINI | F20: =IF(COUNTIF(LEAVE!A:A,H:H)>0,TODAY(),"") | G20: =IF(countif(TODAY!$E$24,$H$2:$H999),today(),"") | I20: =COUNTIF($B$3:$B1016,$H$2:$H1016) -> 0 | L20: =H20 | M20: =I20 -> 0 | N20: =J20+G20+F20 -> 0 | O20: =IF(L20=0,today()+1,N20) -> 46178 | R20: 0 | S20: 0 | T20: 46178 | Z20: 0 | AB20: =IF($M$2:$M$30=0,$L$2:$L$30,"")
A21: 45608 | B21: SAHANA | F21: =IF(COUNTIF(LEAVE!A:A,H:H)>0,TODAY(),"") | G21: =IF(countif(TODAY!$E$24,$H$2:$H999),today(),"") | I21: =COUNTIF($B$3:$B1017,$H$2:$H1017) -> 0 | L21: =H21 | M21: =I21 -> 0 | N21: =J21+G21+F21 -> 0 | O21: =IF(L21=0,today()+1,N21) -> 46178 | R21: 0 | S21: 0 | T21: 46178 | Z21: 0 | AB21: =IF($M$2:$M$30=0,$L$2:$L$30,"")
A22: 45609 | B22: SUDHARSHINI | F22: =IF(COUNTIF(LEAVE!A:A,H:H)>0,TODAY(),"") | G22: =IF(countif(TODAY!$E$24,$H$2:$H999),today(),"") | I22: =COUNTIF($B$3:$B1018,$H$2:$H1018) -> 0 | L22: =H22 | M22: =I22 -> 0 | N22: =J22+G22+F22 -> 0 | O22: =IF(L22=0,today()+1,N22) -> 46178 | R22: 0 | S22: 0 | T22: 46178 | Z22: 0 | AB22: =IF($M$2:$M$30=0,$L$2:$L$30,"")
A23: 45619 | B23: SAHANA | F23: =IF(COUNTIF(LEAVE!A:A,H:H)>0,TODAY(),"") | G23: =IF(countif(TODAY!$E$24,$H$2:$H999),today(),"") | I23: =COUNTIF($B$3:$B1019,$H$2:$H1019) -> 0 | L23: =H23 | M23: =I23 -> 0 | N23: =J23+G23+F23 -> 0 | O23: =IF(L23=0,today()+1,N23) -> 46178 | R23: 0 | S23: 0 | T23: 46178 | Z23: 0 | AB23: =IF($M$2:$M$30=0,$L$2:$L$30,"")
A24: 45622 | B24: SUDHARSHINI | F24: =IF(COUNTIF(LEAVE!A:A,H:H)>0,TODAY(),"") | G24: =IF(countif(TODAY!$E$24,$H$2:$H999),today(),"") | I24: =COUNTIF($B$3:$B1020,$H$2:$H1020) -> 0 | L24: =H24 | M24: =I24 -> 0 | N24: =J24+G24+F24 -> 0 | O24: =IF(L24=0,today()+1,N24) -> 46178 | R24: 0 | S24: 0 | T24: 46178 | Z24: 0 | AB24: =IF($M$2:$M$30=0,$L$2:$L$30,"")
A25: 45628 | B25: SAHANA | F25: =IF(COUNTIF(LEAVE!A:A,H:H)>0,TODAY(),"") | G25: =IF(countif(TODAY!$E$24,$H$2:$H999),today(),"") | I25: =COUNTIF($B$3:$B1021,$H$2:$H1021) -> 0 | L25: =H25 | M25: =I25 -> 0 | N25: =J25+G25+F25 -> 0 | O25: =IF(L25=0,today()+1,N25) -> 46178 | R25: 0 | S25: 0 | T25: 46178 | Z25: 0 | AB25: =IF($M$2:$M$30=0,$L$2:$L$30,"")
A26: 45630 | B26: SUDHARSHINI | F26: =IF(COUNTIF(LEAVE!A:A,H:H)>0,TODAY(),"") | G26: =IF(countif(TODAY!$E$24,$H$2:$H999),today(),"") | I26: =COUNTIF($B$3:$B1022,$H$2:$H1022) -> 0 | L26: =H26 | M26: =I26 -> 0 | N26: =J26+G26+F26 -> 0 | O26: =IF(L26=0,today()+1,N26) -> 46178 | R26: 0 | S26: 0 | T26: 46178 | Z26: 0 | AB26: =IF($M$2:$M$30=0,$L$2:$L$30,"")
A27: 45637 | B27: SAHANA | F27: =IF(COUNTIF(LEAVE!A:A,H:H)>0,TODAY(),"") | G27: =IF(countif(TODAY!$E$24,$H$2:$H999),today(),"") | I27: =COUNTIF($B$3:$B1023,$H$2:$H1023) -> 0 | L27: =H27 | M27: =I27 -> 0 | N27: =J27+G27+F27 -> 0 | O27: =IF(L27=0,today()+1,N27) -> 46178 | R27: 0 | S27: 0 | T27: 46178 | Z27: 0
A28: 45647 | B28: SAHANA | F28: =IF(COUNTIF(LEAVE!A:A,H:H)>0,TODAY(),"") | G28: =IF(countif(TODAY!$E$24,$H$2:$H999),today(),"") | I28: =COUNTIF($B$3:$B1024,$H$2:$H1024) -> 0 | L28: =H28 | M28: =I28 -> 0 | N28: =J28+G28+F28 -> 0 | O28: =IF(L28=0,today()+1,N28) -> 46178 | R28: 0 | S28: 0 | T28: 46178 | Z28: 0
A29: 45650 | B29: SUDHARSHINI | F29: =IF(COUNTIF(LEAVE!A:A,H:H)>0,TODAY(),"") | G29: =IF(countif(TODAY!$E$24,$H$2:$H999),today(),"") | I29: =COUNTIF($B$3:$B1025,$H$2:$H1025) -> 0 | L29: =H29 | M29: =I29 -> 0 | N29: =J29+G29+F29 -> 0 | O29: =IF(L29=0,today()+1,N29) -> 46178 | R29: 0 | S29: 0 | T29: 46178
A30: 45655 | B30: SUDHARSHINI | F30: =IF(COUNTIF(LEAVE!A:A,H:H)>0,TODAY(),"") | G30: =IF(countif(TODAY!$E$24,$H$2:$H999),today(),"") | I30: =COUNTIF($B$3:$B1026,$H$2:$H1026) -> 0 | L30: =H30 | M30: =I30 -> 0 | N30: =J30+G30+F30 -> 0 | O30: =IF(L30=0,today()+1,N30) -> 46178 | R30: 0 | S30: 0 | T30: 46178
A31: 45658 | B31: SAHANA | F31: =IF(COUNTIF(LEAVE!A:A,H:H)>0,TODAY(),"") | G31: =IF(countif(TODAY!$E$24,$H$2:$H999),today(),"") | I31: =COUNTIF($B$3:$B1027,$H$2:$H1027) -> 0 | L31: =H31 | M31: =I31 -> 0 | N31: =J31+G31+F31 -> 0 | O31: =IF(L31=0,today()+1,N31) -> 46178 | R31: 0 | S31: 0 | T31: 46178
A32: 45665 | B32: SUDHARSHINI
A33: 45668 | B33: SAHANA
A34: 45676 | B34: SUDHARSHINI
A35: 45679 | B35: SAHANA
A36: 45684 | B36: SUDHARSHINI
A37: 45688 | B37: SAHANA
A38: 45691 | B38: SUDHARSHINI
A39: 45697 | B39: SAHANA
A40: 45698 | B40: SUDHARSHINI
A41: 45704 | B41: SAHANA
A42: 45705 | B42: SUDHARSHINI
A43: 45712 | B43: SAHANA
... A49: 45735 | B49: SAHANA
A50: 45738 | B50: SUDHARSHINI | C50: VISHNUPRIYA
A51: 45760 | B51: SAHANA | C51: VISHNUPRIYA | D51: 45760.802
A52: 45877 | B52: SAHANA | C52: NIVETHA | D52: 45877.827
A53: 45899 | B53: SAHANA | D53: 45899.798
A54: 45904 | B54: SUDHARSHINI | D54: 45904.839
A55: 45906 | B55: CHINNAMMAL | D55: 45906.812
A56: 45907 | B56: SAHANA | D56: 45907.848
A57: 45907 | B57: SAHANA | D57: 45907.848
A58: 45908 | B58: YAMUNA | C58: NIVETHA | D58: 45908.824
A59: 45912 | B59: SUDHARSHINI | D59: 45912.837
A60: 45915 | B60: CHINNAMMAL | D60: 45915.827
A61: 45916 | B61: YAMUNA | C61: NIVETHA | D61: 45916.817
A62: 45917 | B62: SAHANA | C62: NIVETHA | D62: 45917.799
A63: 45920 | B63: SUDHARSHINI | D63: 45920.827
A64: 45924 | B64: CHINNAMMAL | D64: 45924.805
A65: 45925 | B65: YAMUNA | C65: NIVETHA | D65: 45925.821
A66: 45926 | B66: SAHANA | C66: NIVETHA | D66: 45926.808
A67: 45929 | B67: SUDHARSHINI | D67: 45929.822
A68: 45932 | B68: CHINNAMMAL | C68: NIVETHA | D68: 45932.82
A69: 45932 | B69: CHINNAMMAL | C69: NIVETHA | D69: 45932.82
A70: 45934 | B70: YAMUNA | D70: 45934.816
A71: 45935 | B71: SAHANA | C71: VISHNUPRIYA | D71: 45935.802
A72: 45938 | B72: SUDHARSHINI | C72: NIVETHA | D72: 45938.8
A73: 45960 | B73: CHINNAMMAL | D73: 45960.825
A74: 45993 | B74: SAHANA | C74: NIVETHA | D74: 45993.821
A75: 46000 | B75: YAMUNA | C75: NIVETHA | D75: 46000.821
A76: 46002 | B76: SUDHARSHINI | C76: NIVETHA | D76: 46002.832
A77: 46005 | B77: CHINNAMMAL | C77: VISHNUPRIYA | D77: 46005.816
A78: 46026 | B78: YAMUNA | C78: VISHNUPRIYA | D78: 46026.815
A79: 46032 | B79: SUDHARSHINI | C79: NIVETHA | D79: 46032.828
A80: 46033 | B80: CHINNAMMAL | C80: NIVETHA | D80: 46033.81
A81: 46037 | B81: SAHANA | C81: VISHNUPRIYA | D81: 46037.815
A82: 46041 | B82: JEYANTHI | C82: NIVETHA | D82: 46041.827
A83: 46055 | B83: JEYANTHI | C83: VISHNUPRIYA | D83: 46055.819
A84: 46056 | B84: SAHANA | C84: VISHNUPRIYA | D84: 46056.844
A85: 46057 | B85: SUDHARSHINI | C85: VISHNUPRIYA | D85: 46057.832
... A88: 46065 | B88: JEYANTHI | C88: NIVETHA | D88: 46065.827

Sheet STEPS
A1: STEPS
A2: DATE | B2: NAME | C2: ENTRY BY | D2: DATE & TIME | F2: =IF(COUNTIF(LEAVE!A:A,H:H)>0,TODAY(),"") | G2: =IF(countif(TODAY!$C$24,$H$2:$H1000),today(),"") | H2: {=STAFFS!M2:M1000} -> CHINNAMMAL | I2: {=COUNTIF($B$3:$B1000,$H$2:$H1000)} -> 2 | J2: =IFERROR(__xludf.DUMMYFUNCTION("arrayformula(iferror(vlookup($H$2:$H1000, query($A$3:$B1000,""select B, max(A) group by B"",0),2,false)))"),46059.0) -> 46059 | L2: =H2 -> CHINNAMMAL | M2: =I2 -> 2 | N2: =J2+G2+F2 -> 46059 | O2: =IF(L2=0,today()+1,N2) -> 46059 | Q2: {=SORT(L2:O1000,4,TRUE)} -> CHINNAMMAL | R2: 2 | S2: 46059 | T2: 46059 | V2: {=SORT(Q2:T1000,4,true)} -> CHINNAMMAL | X2: {=SORT(Q2:T8,2,true)} -> KAVIYA | Y2: {=SORT(H2:I28,2,FALSE)} -> SAHANA | Z2: 4 | AB2: =IF($M$2:$M$30=0,$L$2:$L$30,"")
A3: 46034 | B3: CHINNAMMAL | C3: NIVETHA | D3: 46034.784 | F3: =IF(COUNTIF(LEAVE!A:A,H:H)>0,TODAY(),"") | G3: =IF(countif(TODAY!$C$24,$H$2:$H1000),today(),"") | H3: JEYANTHI | I3: =COUNTIF($B$3:$B1000,$H$2:$H1000) -> 2 | J3: =IFERROR(__xludf.DUMMYFUNCTION("""COMPUTED_VALUE"""),46107.0) -> 46107 | L3: =H3 -> JEYANTHI | M3: =I3 -> 2 | N3: =J3+G3+F3 -> 46107 | O3: =IF(L3=0,today()+1,N3) -> 46107 | Q3: JEYANTHI | R3: 2 | S3: 46107 | T3: 46107 | V3: JEYANTHI | X3: CHINNAMMAL | Y3: YAMUNA | Z3: 4 | AB3: =IF($M$2:$M$30=0,$L$2:$L$30,"")
A4: 46044 | B4: SAHANA | C4: NIVETHA | D4: 46044.828 | F4: =IF(COUNTIF(LEAVE!A:A,H:H)>0,TODAY(),"") | G4: =IF(countif(TODAY!$C$24,$H$2:$H1000),today(),"") | H4: KAVIYA | I4: =COUNTIF($B$3:$B1001,$H$2:$H1001) -> 1 | J4: =IFERROR(__xludf.DUMMYFUNCTION("""COMPUTED_VALUE"""),46127.0) -> 46127 | L4: =H4 -> KAVIYA | M4: =I4 -> 1 | N4: =J4+G4+F4 -> 46127 | O4: =IF(L4=0,today()+1,N4) -> 46127 | Q4: SUDHARSHINI | R4: 3 | S4: 46120 | T4: 46120 | V4: SUDHARSHINI | X4: JEYANTHI | Y4: SUDHARSHINI | Z4: 3 | AB4: =IF($M$2:$M$30=0,$L$2:$L$30,"")
A5: 46052 | B5: YAMUNA | C5: NIVETHA | D5: 46052.826 | F5: =IF(COUNTIF(LEAVE!A:A,H:H)>0,TODAY(),"") | G5: =IF(countif(TODAY!$C$24,$H$2:$H1000),today(),"") | H5: MUTHUPRIYA | I5: =COUNTIF($B$3:$B1002,$H$2:$H1002) -> 1 | J5: =IFERROR(__xludf.DUMMYFUNCTION("""COMPUTED_VALUE"""),46154.0) -> 46154 | L5: =H5 -> MUTHUPRIYA | M5: =I5 -> 1 | N5: =J5+G5+F5 -> 46154 | O5: =IF(L5=0,today()+1,N5) -> 46154 | Q5: YAMUNA | R5: 4 | S5: 46121 | T5: 46121 | V5: YAMUNA | X5: SHANTHI | Y5: CHINNAMMAL | Z5: 2 | AB5: =IF($M$2:$M$30=0,$L$2:$L$30,"")
A6: 46054 | B6: SUDHARSHINI | C6: VISHNUPRIYA | D6: 46054.805 | F6: =IF(COUNTIF(LEAVE!A:A,H:H)>0,TODAY(),"") | G6: =IF(countif(TODAY!$C$24,$H$2:$H1000),today(),"") | H6: PRIYANKA | I6: =COUNTIF($B$3:$B1003,$H$2:$H1003) -> 2 | J6: =IFERROR(__xludf.DUMMYFUNCTION("""COMPUTED_VALUE"""),46152.0) -> 46152 | L6: =H6 -> PRIYANKA | M6: =I6 -> 2 | N6: =J6+G6+F6 -> 46152 | O6: =IF(L6=0,today()+1,N6) -> 46152 | Q6: KAVIYA | R6: 1 | S6: 46127 | T6: 46127 | V6: KAVIYA | X6: SUDHARSHINI | Y6: JEYANTHI | Z6: 2 | AB6: =IF($M$2:$M$30=0,$L$2:$L$30,"")
A7: 46059 | B7: CHINNAMMAL | C7: NIVETHA | D7: 46059.827 | F7: =IF(COUNTIF(LEAVE!A:A,H:H)>0,TODAY(),"") | G7: =IF(countif(TODAY!$C$24,$H$2:$H1000),today(),"") | H7: SAHANA | I7: =COUNTIF($B$3:$B1004,$H$2:$H1004) -> 4 | J7: =IFERROR(__xludf.DUMMYFUNCTION("""COMPUTED_VALUE"""),46128.0) -> 46128 | L7: =H7 -> SAHANA | M7: =I7 -> 4 | N7: =J7+G7+F7 -> 46128 | O7: =IF(L7=0,today()+1,N7) -> 46128 | Q7: SAHANA | R7: 4 | S7: 46128 | T7: 46128 | V7: SAHANA | X7: YAMUNA | Y7: PRIYANKA | Z7: 2 | AB7: =IF($M$2:$M$30=0,$L$2:$L$30,"")
A8: 46063 | B8: SAHANA | C8: NIVETHA | D8: 46063.822 | F8: =IF(COUNTIF(LEAVE!A:A,H:H)>0,TODAY(),"") | G8: =IF(countif(TODAY!$C$24,$H$2:$H1000),today(),"") | H8: SANTHIYA | I8: =COUNTIF($B$3:$B1005,$H$2:$H1005) -> 1 | J8: =IFERROR(__xludf.DUMMYFUNCTION("""COMPUTED_VALUE"""),46153.0) -> 46153 | L8: =H8 -> SANTHIYA | M8: =I8 -> 1 | N8: =J8+G8+F8 -> 46153 | O8: =IF(L8=0,today()+1,N8) -> 46153 | Q8: SHANTHI | R8: 2 | S8: 46143 | T8: 46143 | V8: SHANTHI | X8: SAHANA | Y8: SHANTHI | Z8: 2 | AB8: =IF($M$2:$M$30=0,$L$2:$L$30,"")
A9: 46065 | B9: YAMUNA | C9: NIVETHA | D9: 46065.827 | F9: =IF(COUNTIF(LEAVE!A:A,H:H)>0,TODAY(),"") | G9: =IF(countif(TODAY!$C$24,$H$2:$H1000),today(),"") | H9: SHANTHI | I9: =COUNTIF($B$3:$B1006,$H$2:$H1006) -> 2 | J9: =IFERROR(__xludf.DUMMYFUNCTION("""COMPUTED_VALUE"""),46143.0) -> 46143 | L9: =H9 -> SHANTHI | M9: =I9 -> 2 | N9: =J9+G9+F9 -> 46143 | O9: =IF(L9=0,today()+1,N9) -> 46143 | Q9: PRIYANKA | R9: 2 | S9: 46152 | T9: 46152 | V9: PRIYANKA | Y9: KAVIYA | Z9: 1 | AB9: =IF($M$2:$M$30=0,$L$2:$L$30,"")
A10: 46098 | B10: JEYANTHI | C10: CHINNAMMAL | D10: 46098.809 | F10: =IF(COUNTIF(LEAVE!A:A,H:H)>0,TODAY(),"") | G10: =IF(countif(TODAY!$C$24,$H$2:$H1000),today(),"") | H10: SUDHARSHINI | I10: =COUNTIF($B$3:$B1007,$H$2:$H1007) -> 3 | J10: =IFERROR(__xludf.DUMMYFUNCTION("""COMPUTED_VALUE"""),46120.0) -> 46120 | L10: =H10 -> SUDHARSHINI | M10: =I10 -> 3 | N10: =J10+G10+F10 -> 46120 | O10: =IF(L10=0,today()+1,N10) -> 46120 | Q10: SANTHIYA | R10: 1 | S10: 46153 | T10: 46153 | V10: SANTHIYA | Y10: MUTHUPRIYA | Z10: 1 | AB10: =IF($M$2:$M$30=0,$L$2:$L$30,"")
A11: 46103 | B11: SAHANA | C11: VISHNUPRIYA | D11: 46103.81 | F11: =IF(COUNTIF(LEAVE!A:A,H:H)>0,TODAY(),"") | G11: =IF(countif(TODAY!$C$24,$H$2:$H1000),today(),"") | H11: YAMUNA | I11: =COUNTIF($B$3:$B1008,$H$2:$H1008) -> 4 | J11: =IFERROR(__xludf.DUMMYFUNCTION("""COMPUTED_VALUE"""),46121.0) -> 46121 | L11: =H11 -> YAMUNA | M11: =I11 -> 4 | N11: =J11+G11+F11 -> 46121 | O11: =IF(L11=0,today()+1,N11) -> 46121 | Q11: MUTHUPRIYA | R11: 1 | S11: 46154 | T11: 46154 | V11: MUTHUPRIYA | Y11: SANTHIYA | Z11: 1 | AB11: =IF($M$2:$M$30=0,$L$2:$L$30,"")
A12: 46104 | B12: SUDHARSHINI | C12: NIVETHA | D12: 46104.833 | F12: =IF(COUNTIF(LEAVE!A:A,H:H)>0,TODAY(),"") | G12: =IF(countif(TODAY!$C$24,$H$2:$H1000),today(),"") | I12: =COUNTIF($B$3:$B1009,$H$2:$H1009) -> 0 | L12: =H12 | M12: =I12 -> 0 | N12: =J12+G12+F12 -> 0 | O12: =IF(L12=0,today()+1,N12) -> 46178 | R12: 0 | S12: 0 | T12: 46178 | Z12: 0 | AB12: =IF($M$2:$M$30=0,$L$2:$L$30,"")
A13: 46106 | B13: PRIYANKA | C13: CHINNAMMAL | D13: 46106.81 | F13: =IF(COUNTIF(LEAVE!A:A,H:H)>0,TODAY(),"") | G13: =IF(countif(TODAY!$C$24,$H$2:$H1000),today(),"") | I13: =COUNTIF($B$3:$B1010,$H$2:$H1010) -> 0 | L13: =H13 | M13: =I13 -> 0 | N13: =J13+G13+F13 -> 0 | O13: =IF(L13=0,today()+1,N13) -> 46178 | R13: 0 | S13: 0 | T13: 46178 | Z13: 0 | AB13: =IF($M$2:$M$30=0,$L$2:$L$30,"")
A14: 46107 | B14: JEYANTHI | C14: CHINNAMMAL | D14: 46107.851 | F14: =IF(COUNTIF(LEAVE!A:A,H:H)>0,TODAY(),"") | G14: =IF(countif(TODAY!$C$24,$H$2:$H1000),today(),"") | I14: =COUNTIF($B$3:$B1011,$H$2:$H1011) -> 0 | L14: =H14 | M14: =I14 -> 0 | N14: =J14+G14+F14 -> 0 | O14: =IF(L14=0,today()+1,N14) -> 46178 | R14: 0 | S14: 0 | T14: 46178 | Z14: 0 | AB14: =IF($M$2:$M$30=0,$L$2:$L$30,"")
A15: 46105 | B15: YAMUNA | F15: =IF(COUNTIF(LEAVE!A:A,H:H)>0,TODAY(),"") | G15: =IF(countif(TODAY!$C$24,$H$2:$H1000),today(),"") | I15: =COUNTIF($B$3:$B1012,$H$2:$H1012) -> 0 | L15: =H15 | M15: =I15 -> 0 | N15: =J15+G15+F15 -> 0 | O15: =IF(L15=0,today()+1,N15) -> 46178 | R15: 0 | S15: 0 | T15: 46178 | Z15: 0 | AB15: =IF($M$2:$M$30=0,$L$2:$L$30,"")
A16: 46120 | B16: SUDHARSHINI | C16: CHINNAMMAL | D16: 46120.813 | F16: =IF(COUNTIF(LEAVE!A:A,H:H)>0,TODAY(),"") | G16: =IF(countif(TODAY!$C$24,$H$2:$H1000),today(),"") | I16: =COUNTIF($B$3:$B1013,$H$2:$H1013) -> 0 | L16: =H16 | M16: =I16 -> 0 | N16: =J16+G16+F16 -> 0 | O16: =IF(L16=0,today()+1,N16) -> 46178 | R16: 0 | S16: 0 | T16: 46178 | Z16: 0 | AB16: =IF($M$2:$M$30=0,$L$2:$L$30,"")
A17: 46121 | B17: YAMUNA | C17: MUTHUKUMAR | D17: 46121.837 | F17: =IF(COUNTIF(LEAVE!A:A,H:H)>0,TODAY(),"") | G17: =IF(countif(TODAY!$C$24,$H$2:$H1000),today(),"") | I17: =COUNTIF($B$3:$B1014,$H$2:$H1014) -> 0 | L17: =H17 | M17: =I17 -> 0 | N17: =J17+G17+F17 -> 0 | O17: =IF(L17=0,today()+1,N17) -> 46178 | R17: 0 | S17: 0 | T17: 46178 | Z17: 0 | AB17: =IF($M$2:$M$30=0,$L$2:$L$30,"")
A18: 46126 | B18: SHANTHI | C18: VISHNUPRIYA | D18: 46126.826 | F18: =IF(COUNTIF(LEAVE!A:A,H:H)>0,TODAY(),"") | G18: =IF(countif(TODAY!$C$24,$H$2:$H1000),today(),"") | I18: =COUNTIF($B$3:$B1015,$H$2:$H1015) -> 0 | L18: =H18 | M18: =I18 -> 0 | N18: =J18+G18+F18 -> 0 | O18: =IF(L18=0,today()+1,N18) -> 46178 | R18: 0 | S18: 0 | T18: 46178 | Z18: 0 | AB18: =IF($M$2:$M$30=0,$L$2:$L$30,"")
A19: 46127 | B19: KAVIYA | C19: NIVETHA | D19: 46127.841 | F19: =IF(COUNTIF(LEAVE!A:A,H:H)>0,TODAY(),"") | G19: =IF(countif(TODAY!$C$24,$H$2:$H1000),today(),"") | I19: =COUNTIF($B$3:$B1016,$H$2:$H1016) -> 0 | L19: =H19 | M19: =I19 -> 0 | N19: =J19+G19+F19 -> 0 | O19: =IF(L19=0,today()+1,N19) -> 46178 | R19: 0 | S19: 0 | T19: 46178 | Z19: 0 | AB19: =IF($M$2:$M$30=0,$L$2:$L$30,"")
A20: 46128 | B20: SAHANA | C20: CHINNAMMAL | D20: 46128.809 | F20: =IF(COUNTIF(LEAVE!A:A,H:H)>0,TODAY(),"") | G20: =IF(countif(TODAY!$C$24,$H$2:$H1000),today(),"") | I20: =COUNTIF($B$3:$B1017,$H$2:$H1017) -> 0 | L20: =H20 | M20: =I20 -> 0 | N20: =J20+G20+F20 -> 0 | O20: =IF(L20=0,today()+1,N20) -> 46178 | R20: 0 | S20: 0 | T20: 46178 | Z20: 0 | AB20: =IF($M$2:$M$30=0,$L$2:$L$30,"")
A21: 46143 | B21: SHANTHI | C21: VISHNUPRIYA | D21: 46143.834 | F21: =IF(COUNTIF(LEAVE!A:A,H:H)>0,TODAY(),"") | G21: =IF(countif(TODAY!$C$24,$H$2:$H1000),today(),"") | I21: =COUNTIF($B$3:$B1018,$H$2:$H1018) -> 0 | L21: =H21 | M21: =I21 -> 0 | N21: =J21+G21+F21 -> 0 | O21: =IF(L21=0,today()+1,N21) -> 46178 | R21: 0 | S21: 0 | T21: 46178 | Z21: 0 | AB21: =IF($M$2:$M$30=0,$L$2:$L$30,"")
A22: 46152 | B22: PRIYANKA | C22: NIVETHA | D22: 46152.823 | F22: =IF(COUNTIF(LEAVE!A:A,H:H)>0,TODAY(),"") | G22: =IF(countif(TODAY!$C$24,$H$2:$H1000),today(),"") | I22: =COUNTIF($B$3:$B1019,$H$2:$H1019) -> 0 | L22: =H22 | M22: =I22 -> 0 | N22: =J22+G22+F22 -> 0 | O22: =IF(L22=0,today()+1,N22) -> 46178 | R22: 0 | S22: 0 | T22: 46178 | Z22: 0 | AB22: =IF($M$2:$M$30=0,$L$2:$L$30,"")
A23: 46153 | B23: SANTHIYA | C23: CHINNAMMAL | D23: 46153.813 | F23: =IF(COUNTIF(LEAVE!A:A,H:H)>0,TODAY(),"") | G23: =IF(countif(TODAY!$C$24,$H$2:$H1000),today(),"") | I23: =COUNTIF($B$3:$B1020,$H$2:$H1020) -> 0 | L23: =H23 | M23: =I23 -> 0 | N23: =J23+G23+F23 -> 0 | O23: =IF(L23=0,today()+1,N23) -> 46178 | R23: 0 | S23: 0 | T23: 46178 | Z23: 0 | AB23: =IF($M$2:$M$30=0,$L$2:$L$30,"")
A24: 46154 | B24: MUTHUPRIYA | C24: CHINNAMMAL | D24: 46154.817 | F24: =IF(COUNTIF(LEAVE!A:A,H:H)>0,TODAY(),"") | G24: =IF(countif(TODAY!$C$24,$H$2:$H1000),today(),"") | I24: =COUNTIF($B$3:$B1021,$H$2:$H1021) -> 0 | L24: =H24 | M24: =I24 -> 0 | N24: =J24+G24+F24 -> 0 | O24: =IF(L24=0,today()+1,N24) -> 46178 | R24: 0 | S24: 0 | T24: 46178 | Z24: 0 | AB24: =IF($M$2:$M$30=0,$L$2:$L$30,"")
F25: =IF(COUNTIF(LEAVE!A:A,H:H)>0,TODAY(),"") | G25: =IF(countif(TODAY!$C$24,$H$2:$H1000),today(),"") | I25: =COUNTIF($B$3:$B1022,$H$2:$H1022) -> 0 | L25: =H25 | M25: =I25 -> 0 | N25: =J25+G25+F25 -> 0 | O25: =IF(L25=0,today()+1,N25) -> 46178 | R25: 0 | S25: 0 | T25: 46178 | Z25: 0 | AB25: =IF($M$2:$M$30=0,$L$2:$L$30,"")
F26: =IF(COUNTIF(LEAVE!A:A,H:H)>0,TODAY(),"") | G26: =IF(countif(TODAY!$C$24,$H$2:$H1000),today(),"") | I26: =COUNTIF($B$3:$B1023,$H$2:$H1023) -> 0 | L26: =H26 | M26: =I26 -> 0 | N26: =J26+G26+F26 -> 0 | O26: =IF(L26=0,today()+1,N26) -> 46178 | R26: 0 | S26: 0 | T26: 46178 | Z26: 0 | AB26: =IF($M$2:$M$30=0,$L$2:$L$30,"")
F27: =IF(COUNTIF(LEAVE!A:A,H:H)>0,TODAY(),"") | G27: =IF(countif(TODAY!$C$24,$H$2:$H1000),today(),"") | I27: =COUNTIF($B$3:$B1024,$H$2:$H1024) -> 0 | L27: =H27 | M27: =I27 -> 0 | N27: =J27+G27+F27 -> 0 | O27: =IF(L27=0,today()+1,N27) -> 46178 | R27: 0 | S27: 0 | T27: 46178 | Z27: 0
F28: =IF(COUNTIF(LEAVE!A:A,H:H)>0,TODAY(),"") | G28: =IF(countif(TODAY!$C$24,$H$2:$H1000),today(),"") | I28: =COUNTIF($B$3:$B1025,$H$2:$H1025) -> 0 | L28: =H28 | M28: =I28 -> 0 | N28: =J28+G28+F28 -> 0 | O28: =IF(L28=0,today()+1,N28) -> 46178 | R28: 0 | S28: 0 | T28: 46178 | Z28: 0
F29: =IF(COUNTIF(LEAVE!A:A,H:H)>0,TODAY(),"") | G29: =IF(countif(TODAY!$C$24,$H$2:$H1000),today(),"") | I29: =COUNTIF($B$3:$B1026,$H$2:$H1026) -> 0 | L29: =H29 | M29: =I29 -> 0 | N29: =J29+G29+F29 -> 0 | O29: =IF(L29=0,today()+1,N29) -> 46178 | R29: 0 | S29: 0 | T29: 46178
F30: =IF(COUNTIF(LEAVE!A:A,H:H)>0,TODAY(),"") | G30: =IF(countif(TODAY!$C$24,$H$2:$H1000),today(),"") | I30: =COUNTIF($B$3:$B1027,$H$2:$H1027) -> 0 | L30: =H30 | M30: =I30 -> 0 | N30: =J30+G30+F30 -> 0 | O30: =IF(L30=0,today()+1,N30) -> 46178 | R30: 0 | S30: 0 | T30: 46178
F31: =IF(COUNTIF(LEAVE!A:A,H:H)>0,TODAY(),"") | G31: =IF(countif(TODAY!$C$24,$H$2:$H1000),today(),"") | I31: =COUNTIF($B$3:$B1028,$H$2:$H1028) -> 0 | L31: =H31 | M31: =I31 -> 0 | N31: =J31+G31+F31 -> 0 | O31: =IF(L31=0,today()+1,N31) -> 46178 | R31: 0 | S31: 0 | T31: 46178

Sheet PURSE
A1: PURSE,BAG
A2: DATE | B2: NAME | C2: ENTRY BY | D2: DATE & TIME | F2: =IF(COUNTIF(LEAVE!A:A,H:H)>0,TODAY(),"") | G2: =IF(countif(TODAY!$A$28:$A$29,$H$2:$H1000),today(),"") | H2: {=STAFFS!AA2:AA1000} -> BHARATHI | I2: {=COUNTIF($B$3:$B1000,$H$2:$H1000)} -> 3 | J2: =IFERROR(__xludf.DUMMYFUNCTION("arrayformula(iferror(vlookup($H$2:$H1000, query($A$3:$B1000,""select B, max(A) group by B"",0),2,false)))"),46175.0) -> 46175 | L2: =H2 -> BHARATHI | M2: =I2 -> 3 | N2: =J2+G2+F2 -> 46175 | O2: =IF(L2=0,today()+1,N2) -> 46175 | Q2: {=SORT(L2:O1000,4,TRUE)} -> CHINNAMMAL | R2: 3 | S2: 46133 | T2: 46133 | V2: {=SORT(Q2:T1000,4,true)} -> CHINNAMMAL | X2: {=SORT(Q2:T8,2,true)} -> CHINNAMMAL | Y2: {=SORT(H2:I28,2,FALSE)} -> DHANALAKSHMI | Z2: 4 | AB2: =IF($M$2:$M$30=0,$L$2:$L$30,"")
A3: 46086 | B3: SUDHARSHINI | C3: NIVETHA | D3: 46086.827 | F3: =IF(COUNTIF(LEAVE!A:A,H:H)>0,TODAY(),"") | G3: =IF(countif(TODAY!$A$28:$A$29,$H$2:$H1000),today(),"") | H3: CHINNAMMAL | I3: =COUNTIF($B$3:$B1000,$H$2:$H1000) -> 3 | J3: =IFERROR(__xludf.DUMMYFUNCTION("""COMPUTED_VALUE"""),46133.0) -> 46133 | L3: =H3 -> CHINNAMMAL | M3: =I3 -> 3 | N3: =J3+G3+F3 -> 46133 | O3: =IF(L3=0,today()+1,N3) -> 46133 | Q3: YAMUNA | R3: 3 | S3: 46133 | T3: 46133 | V3: YAMUNA | X3: YAMUNA | Y3: SUDHARSHINI | Z3: 4 | AB3: =IF($M$2:$M$30=0,$L$2:$L$30,"")
A4: 46086 | B4: VIDHYA | C4: NIVETHA | D4: 46086.827 | F4: =IF(COUNTIF(LEAVE!A:A,H:H)>0,TODAY(),"") | G4: =IF(countif(TODAY!$A$28:$A$29,$H$2:$H1000),today(),"") | H4: DEEPA | I4: =COUNTIF($B$3:$B1001,$H$2:$H1001) -> 3 | J4: =IFERROR(__xludf.DUMMYFUNCTION("""COMPUTED_VALUE"""),46150.0) -> 46150 | L4: =H4 -> DEEPA | M4: =I4 -> 3 | N4: =J4+G4+F4 -> 46150 | O4: =IF(L4=0,today()+1,N4) -> 46150 | Q4: JEYANTHI | R4: 3 | S4: 46143 | T4: 46143 | V4: JEYANTHI | X4: JEYANTHI | Y4: VIDHYA | Z4: 4 | AB4: =IF($M$2:$M$30=0,$L$2:$L$30,"")
A5: 46087 | B5: DHANALAKSHMI | C5: NIVETHA | D5: 46087.78 | F5: =IF(COUNTIF(LEAVE!A:A,H:H)>0,TODAY(),"") | G5: =IF(countif(TODAY!$A$28:$A$29,$H$2:$H1000),today(),"") | H5: DHANALAKSHMI | I5: =COUNTIF($B$3:$B1002,$H$2:$H1002) -> 4 | J5: =IFERROR(__xludf.DUMMYFUNCTION("""COMPUTED_VALUE"""),46176.0) -> 46176 | L5: =H5 -> DHANALAKSHMI | M5: =I5 -> 4 | N5: =J5+G5+F5 -> 46176 | O5: =IF(L5=0,today()+1,N5) -> 46176 | Q5: NIVETHA | R5: 3 | S5: 46143 | T5: 46143 | V5: NIVETHA | X5: NIVETHA | Y5: BHARATHI | Z5: 3 | AB5: =IF($M$2:$M$30=0,$L$2:$L$30,"")
A6: 46087 | B6: YAMUNA | C6: NIVETHA | D6: 46087.78 | F6: =IF(COUNTIF(LEAVE!A:A,H:H)>0,TODAY(),"") | G6: =IF(countif(TODAY!$A$28:$A$29,$H$2:$H1000),today(),"") | H6: JEYANTHI | I6: =COUNTIF($B$3:$B1003,$H$2:$H1003) -> 3 | J6: =IFERROR(__xludf.DUMMYFUNCTION("""COMPUTED_VALUE"""),46143.0) -> 46143 | L6: =H6 -> JEYANTHI | M6: =I6 -> 3 | N6: =J6+G6+F6 -> 46143 | O6: =IF(L6=0,today()+1,N6) -> 46143 | Q6: RAJI-1 | R6: 3 | S6: 46148 | T6: 46148 | V6: RAJI-1 | X6: RAJI-1 | Y6: CHINNAMMAL | Z6: 3 | AB6: =IF($M$2:$M$30=0,$L$2:$L$30,"")
A7: 46089 | B7: CHINNAMMAL | C7: NIVETHA | D7: 46089.837 | F7: =IF(COUNTIF(LEAVE!A:A,H:H)>0,TODAY(),"") | G7: =IF(countif(TODAY!$A$28:$A$29,$H$2:$H1000),today(),"") | H7: KAVIYA | I7: =COUNTIF($B$3:$B1004,$H$2:$H1004) -> 2 | J7: =IFERROR(__xludf.DUMMYFUNCTION("""COMPUTED_VALUE"""),46159.0) -> 46159 | L7: =H7 -> KAVIYA | M7: =I7 -> 2 | N7: =J7+G7+F7 -> 46159 | O7: =IF(L7=0,today()+1,N7) -> 46159 | Q7: VIJI-2 | R7: 3 | S7: 46148 | T7: 46148 | V7: VIJI-2 | X7: VIJI-2 | Y7: DEEPA | Z7: 3 | AB7: =IF($M$2:$M$30=0,$L$2:$L$30,"")
A8: 46089 | B8: JEYANTHI | C8: NIVETHA | D8: 46089.837 | F8: =IF(COUNTIF(LEAVE!A:A,H:H)>0,TODAY(),"") | G8: =IF(countif(TODAY!$A$28:$A$29,$H$2:$H1000),today(),"") | H8: MUTHUPRIYA | I8: =COUNTIF($B$3:$B1005,$H$2:$H1005) -> 1 | J8: =IFERROR(__xludf.DUMMYFUNCTION("""COMPUTED_VALUE"""),46151.0) -> 46151 | L8: =H8 -> MUTHUPRIYA | M8: =I8 -> 1 | N8: =J8+G8+F8 -> 46151 | O8: =IF(L8=0,today()+1,N8) -> 46151 | Q8: DEEPA | R8: 3 | S8: 46150 | T8: 46150 | V8: DEEPA | X8: DEEPA | Y8: JEYANTHI | Z8: 3 | AB8: =IF($M$2:$M$30=0,$L$2:$L$30,"")
A9: 46091 | B9: VIJI-2 | C9: VISHNUPRIYA | D9: 46091.839 | F9: =IF(COUNTIF(LEAVE!A:A,H:H)>0,TODAY(),"") | G9: =IF(countif(TODAY!$A$28:$A$29,$H$2:$H1000),today(),"") | H9: NIVETHA | I9: =COUNTIF($B$3:$B1006,$H$2:$H1006) -> 3 | J9: =IFERROR(__xludf.DUMMYFUNCTION("""COMPUTED_VALUE"""),46143.0) -> 46143 | L9: =H9 -> NIVETHA | M9: =I9 -> 3 | N9: =J9+G9+F9 -> 46143 | O9: =IF(L9=0,today()+1,N9) -> 46143 | Q9: MUTHUPRIYA | R9: 1 | S9: 46151 | T9: 46151 | V9: MUTHUPRIYA | Y9: NIVETHA | Z9: 3 | AB9: =IF($M$2:$M$30=0,$L$2:$L$30,"")
A10: 46092 | B10: RAJI-1 | C10: NIVETHA | D10: 46092.83 | F10: =IF(COUNTIF(LEAVE!A:A,H:H)>0,TODAY(),"") | G10: =IF(countif(TODAY!$A$28:$A$29,$H$2:$H1000),today(),"") | H10: PANJU | I10: =COUNTIF($B$3:$B1007,$H$2:$H1007) -> 3 | J10: =IFERROR(__xludf.DUMMYFUNCTION("""COMPUTED_VALUE"""),46171.0) -> 46171 | L10: =H10 -> PANJU | M10: =I10 -> 3 | N10: =J10+G10+F10 -> 46171 | O10: =IF(L10=0,today()+1,N10) -> 46171 | Q10: SANTHIYA | R10: 1 | S10: 46151 | T10: 46151 | V10: SANTHIYA | Y10: PANJU | Z10: 3 | AB10: =IF($M$2:$M$30=0,$L$2:$L$30,"")
A11: 46092 | B11: YOGAPRIYA | C11: NIVETHA | D11: 46092.83 | F11: =IF(COUNTIF(LEAVE!A:A,H:H)>0,TODAY(),"") | G11: =IF(countif(TODAY!$A$28:$A$29,$H$2:$H1000),today(),"") | H11: PRIYANKA | I11: =COUNTIF($B$3:$B1008,$H$2:$H1008) -> 3 | J11: =IFERROR(__xludf.DUMMYFUNCTION("""COMPUTED_VALUE"""),46166.0) -> 46166 | L11: =H11 -> PRIYANKA | M11: =I11 -> 3 | N11: =J11+G11+F11 -> 46166 | O11: =IF(L11=0,today()+1,N11) -> 46166 | Q11: RAJI-2 | R11: 3 | S11: 46158 | T11: 46158 | V11: RAJI-2 | Y11: PRIYANKA | Z11: 3 | AB11: =IF($M$2:$M$30=0,$L$2:$L$30,"")
A12: 46096 | B12: DEEPA | C12: VISHNUPRIYA | D12: 46096.817 | F12: =IF(COUNTIF(LEAVE!A:A,H:H)>0,TODAY(),"") | G12: =IF(countif(TODAY!$A$28:$A$29,$H$2:$H1000),today(),"") | H12: RAJI-1 | I12: =COUNTIF($B$3:$B1009,$H$2:$H1009) -> 3 | J12: =IFERROR(__xludf.DUMMYFUNCTION("""COMPUTED_VALUE"""),46148.0) -> 46148 | L12: =H12 -> RAJI-1 | M12: =I12 -> 3 | N12: =J12+G12+F12 -> 46148 | O12: =IF(L12=0,today()+1,N12) -> 46148 | Q12: KAVIYA | R12: 2 | S12: 46159 | T12: 46159 | V12: KAVIYA | Y12: RAJI-1 | Z12: 3 | AB12: =IF($M$2:$M$30=0,$L$2:$L$30,"")
A13: 46096 | B13: NIVETHA | C13: VISHNUPRIYA | D13: 46096.817 | F13: =IF(COUNTIF(LEAVE!A:A,H:H)>0,TODAY(),"") | G13: =IF(countif(TODAY!$A$28:$A$29,$H$2:$H1000),today(),"") | H13: RAJI-2 | I13: =COUNTIF($B$3:$B1010,$H$2:$H1010) -> 3 | J13: =IFERROR(__xludf.DUMMYFUNCTION("""COMPUTED_VALUE"""),46158.0) -> 46158 | L13: =H13 -> RAJI-2 | M13: =I13 -> 3 | N13: =J13+G13+F13 -> 46158 | O13: =IF(L13=0,today()+1,N13) -> 46158 | Q13: SHANTHI | R13: 2 | S13: 46159 | T13: 46159 | V13: SHANTHI | Y13: RAJI-2 | Z13: 3 | AB13: =IF($M$2:$M$30=0,$L$2:$L$30,"")
A14: 46098 | B14: RAJI-2 | C14: CHINNAMMAL | D14: 46098.809 | F14: =IF(COUNTIF(LEAVE!A:A,H:H)>0,TODAY(),"") | G14: =IF(countif(TODAY!$A$28:$A$29,$H$2:$H1000),today(),"") | H14: RANI | I14: =COUNTIF($B$3:$B1011,$H$2:$H1011) -> 3 | J14: =IFERROR(__xludf.DUMMYFUNCTION("""COMPUTED_VALUE"""),46166.0) -> 46166 | L14: =H14 -> RANI | M14: =I14 -> 3 | N14: =J14+G14+F14 -> 46166 | O14: =IF(L14=0,today()+1,N14) -> 46166 | Q14: PRIYANKA | R14: 3 | S14: 46166 | T14: 46166 | V14: PRIYANKA | Y14: RANI | Z14: 3 | AB14: =IF($M$2:$M$30=0,$L$2:$L$30,"")
A15: 46098 | B15: VIJI-1 | C15: CHINNAMMAL | D15: 46098.809 | F15: =IF(COUNTIF(LEAVE!A:A,H:H)>0,TODAY(),"") | G15: =IF(countif(TODAY!$A$28:$A$29,$H$2:$H1000),today(),"") | H15: SAHANA | I15: =COUNTIF($B$3:$B1012,$H$2:$H1012) -> 3 | J15: =IFERROR(__xludf.DUMMYFUNCTION("""COMPUTED_VALUE"""),46175.0) -> 46175 | L15: =H15 -> SAHANA | M15: =I15 -> 3 | N15: =J15+G15+F15 -> 46175 | O15: =IF(L15=0,today()+1,N15) -> 46175 | Q15: RANI | R15: 3 | S15: 46166 | T15: 46166 | V15: RANI | Y15: SAHANA | Z15: 3 | AB15: =IF($M$2:$M$30=0,$L$2:$L$30,"")
A16: 46099 | B16: RANI | C16: NIVETHA | D16: 46099.801 | F16: =IF(COUNTIF(LEAVE!A:A,H:H)>0,TODAY(),"") | G16: =IF(countif(TODAY!$A$28:$A$29,$H$2:$H1000),today(),"") | H16: SANTHIYA | I16: =COUNTIF($B$3:$B1013,$H$2:$H1013) -> 1 | J16: =IFERROR(__xludf.DUMMYFUNCTION("""COMPUTED_VALUE"""),46151.0) -> 46151 | L16: =H16 -> SANTHIYA | M16: =I16 -> 1 | N16: =J16+G16+F16 -> 46151 | O16: =IF(L16=0,today()+1,N16) -> 46151 | Q16: SUDHARSHINI | R16: 4 | S16: 46168 | T16: 46168 | V16: SUDHARSHINI | Y16: VIJI-1 | Z16: 3 | AB16: =IF($M$2:$M$30=0,$L$2:$L$30,"")
A17: 46102 | B17: SUDHARSHINI | C17: NIVETHA | D17: 46102.842 | F17: =IF(COUNTIF(LEAVE!A:A,H:H)>0,TODAY(),"") | G17: =IF(countif(TODAY!$A$28:$A$29,$H$2:$H1000),today(),"") | H17: SHANTHI | I17: =COUNTIF($B$3:$B1014,$H$2:$H1014) -> 2 | J17: =IFERROR(__xludf.DUMMYFUNCTION("""COMPUTED_VALUE"""),46159.0) -> 46159 | L17: =H17 -> SHANTHI | M17: =I17 -> 2 | N17: =J17+G17+F17 -> 46159 | O17: =IF(L17=0,today()+1,N17) -> 46159 | Q17: VIJI-1 | R17: 3 | S17: 46168 | T17: 46168 | Y17: VIJI-2 | Z17: 3 | AB17: =IF($M$2:$M$30=0,$L$2:$L$30,"")
A18: 46102 | B18: VISHNUPRIYA | C18: NIVETHA | D18: 46102.842 | F18: =IF(COUNTIF(LEAVE!A:A,H:H)>0,TODAY(),"") | G18: =IF(countif(TODAY!$A$28:$A$29,$H$2:$H1000),today(),"") | H18: SUDHARSHINI | I18: =COUNTIF($B$3:$B1015,$H$2:$H1015) -> 4 | J18: =IFERROR(__xludf.DUMMYFUNCTION("""COMPUTED_VALUE"""),46168.0) -> 46168 | L18: =H18 -> SUDHARSHINI | M18: =I18 -> 4 | N18: =J18+G18+F18 -> 46168 | O18: =IF(L18=0,today()+1,N18) -> 46168 | Q18: PANJU | R18: 3 | S18: 46171 | T18: 46171 | Y18: VISHNUPRIYA | Z18: 3 | AB18: =IF($M$2:$M$30=0,$L$2:$L$30,"")
A19: 46103 | B19: PRIYANKA | C19: VISHNUPRIYA | D19: 46103.81 | F19: =IF(COUNTIF(LEAVE!A:A,H:H)>0,TODAY(),"") | G19: =IF(countif(TODAY!$A$28:$A$29,$H$2:$H1000),today(),"") | H19: VIDHYA | I19: =COUNTIF($B$3:$B1016,$H$2:$H1016) -> 4 | J19: =IFERROR(__xludf.DUMMYFUNCTION("""COMPUTED_VALUE"""),46176.0) -> 46176 | L19: =H19 -> VIDHYA | M19: =I19 -> 4 | N19: =J19+G19+F19 -> 46176 | O19: =IF(L19=0,today()+1,N19) -> 46176 | Q19: VISHNUPRIYA | R19: 3 | S19: 46171 | T19: 46171 | Y19: YAMUNA | Z19: 3 | AB19: =IF($M$2:$M$30=0,$L$2:$L$30,"")
A20: 46103 | B20: SAHANA | C20: VISHNUPRIYA | D20: 46103.81 | F20: =IF(COUNTIF(LEAVE!A:A,H:H)>0,TODAY(),"") | G20: =IF(countif(TODAY!$A$28:$A$29,$H$2:$H1000),today(),"") | H20: VIJI-1 | I20: =COUNTIF($B$3:$B1017,$H$2:$H1017) -> 3 | J20: =IFERROR(__xludf.DUMMYFUNCTION("""COMPUTED_VALUE"""),46168.0) -> 46168 | L20: =H20 -> VIJI-1 | M20: =I20 -> 3 | N20: =J20+G20+F20 -> 46168 | O20: =IF(L20=0,today()+1,N20) -> 46168 | Q20: BHARATHI | R20: 3 | S20: 46175 | T20: 46175 | Y20: YOGAPRIYA | Z20: 3 | AB20: =IF($M$2:$M$30=0,$L$2:$L$30,"")
A21: 46108 | B21: BHARATHI | F21: =IF(COUNTIF(LEAVE!A:A,H:H)>0,TODAY(),"") | G21: =IF(countif(TODAY!$A$28:$A$29,$H$2:$H1000),today(),"") | H21: VIJI-2 | I21: =COUNTIF($B$3:$B1018,$H$2:$H1018) -> 3 | J21: =IFERROR(__xludf.DUMMYFUNCTION("""COMPUTED_VALUE"""),46148.0) -> 46148 | L21: =H21 -> VIJI-2 | M21: =I21 -> 3 | N21: =J21+G21+F21 -> 46148 | O21: =IF(L21=0,today()+1,N21) -> 46148 | Q21: SAHANA | R21: 3 | S21: 46175 | T21: 46175 | Y21: KAVIYA | Z21: 2 | AB21: =IF($M$2:$M$30=0,$L$2:$L$30,"")
A22: 46108 | F22: =IF(COUNTIF(LEAVE!A:A,H:H)>0,TODAY(),"") | G22: =IF(countif(TODAY!$A$28:$A$29,$H$2:$H1000),today(),"") | H22: VISHNUPRIYA | I22: =COUNTIF($B$3:$B1019,$H$2:$H1019) -> 3 | J22: =IFERROR(__xludf.DUMMYFUNCTION("""COMPUTED_VALUE"""),46171.0) -> 46171 | L22: =H22 -> VISHNUPRIYA | M22: =I22 -> 3 | N22: =J22+G22+F22 -> 46171 | O22: =IF(L22=0,today()+1,N22) -> 46171 | Q22: DHANALAKSHMI | R22: 4 | S22: 46176 | T22: 46176 | Y22: SHANTHI | Z22: 2 | AB22: =IF($M$2:$M$30=0,$L$2:$L$30,"")
A23: 46110 | B23: PANJU | C23: NIVETHA | D23: 46110.845 | F23: =IF(COUNTIF(LEAVE!A:A,H:H)>0,TODAY(),"") | G23: =IF(countif(TODAY!$A$28:$A$29,$H$2:$H1000),today(),"") | H23: YAMUNA | I23: =COUNTIF($B$3:$B1020,$H$2:$H1020) -> 3 | J23: =IFERROR(__xludf.DUMMYFUNCTION("""COMPUTED_VALUE"""),46133.0) -> 46133 | L23: =H23 -> YAMUNA | M23: =I23 -> 3 | N23: =J23+G23+F23 -> 46133 | O23: =IF(L23=0,today()+1,N23) -> 46133 | Q23: VIDHYA | R23: 4 | S23: 46176 | T23: 46176 | Y23: MUTHUPRIYA | Z23: 1 | AB23: =IF($M$2:$M$30=0,$L$2:$L$30,"")
A24: 46110 | B24: VIDHYA | C24: NIVETHA | D24: 46110.845 | F24: =IF(COUNTIF(LEAVE!A:A,H:H)>0,TODAY(),"") -> 46177 | G24: =IF(countif(TODAY!$A$28:$A$29,$H$2:$H1000),today(),"") | H24: YOGAPRIYA | I24: =COUNTIF($B$3:$B1021,$H$2:$H1021) -> 3 | J24: =IFERROR(__xludf.DUMMYFUNCTION("""COMPUTED_VALUE"""),46150.0) -> 46150 | L24: =H24 -> YOGAPRIYA | M24: =I24 -> 3 | N24: =J24+G24+F24 -> 92327 | O24: =IF(L24=0,today()+1,N24) -> 92327 | R24: 0 | S24: 0 | T24: 46178 | Y24: SANTHIYA | Z24: 1 | AB24: =IF($M$2:$M$30=0,$L$2:$L$30,"")
A25: 46112 | B25: DHANALAKSHMI | C25: CHINNAMMAL | D25: 46112.82 | F25: =IF(COUNTIF(LEAVE!A:A,H:H)>0,TODAY(),"") | G25: =IF(countif(TODAY!$A$28:$A$29,$H$2:$H1000),today(),"") | I25: =COUNTIF($B$3:$B1022,$H$2:$H1022) -> 0 | L25: =H25 | M25: =I25 -> 0 | N25: =J25+G25+F25 -> 0 | O25: =IF(L25=0,today()+1,N25) -> 46178 | R25: 0 | S25: 0 | T25: 46178 | Z25: 0 | AB25: =IF($M$2:$M$30=0,$L$2:$L$30,"")
A26: 46112 | B26: YAMUNA | C26: CHINNAMMAL | D26: 46112.82 | F26: =IF(COUNTIF(LEAVE!A:A,H:H)>0,TODAY(),"") | G26: =IF(countif(TODAY!$A$28:$A$29,$H$2:$H1000),today(),"") | I26: =COUNTIF($B$3:$B1023,$H$2:$H1023) -> 0 | L26: =H26 | M26: =I26 -> 0 | N26: =J26+G26+F26 -> 0 | O26: =IF(L26=0,today()+1,N26) -> 46178 | R26: 0 | S26: 0 | T26: 46178 | Z26: 0 | AB26: =IF($M$2:$M$30=0,$L$2:$L$30,"")
A27: 46113 | B27: CHINNAMMAL | C27: CHINNAMMAL | D27: 46113.811 | F27: =IF(COUNTIF(LEAVE!A:A,H:H)>0,TODAY(),"") | G27: =IF(countif(TODAY!$A$28:$A$29,$H$2:$H1000),today(),"") | I27: =COUNTIF($B$3:$B1024,$H$2:$H1024) -> 0 | L27: =H27 | M27: =I27 -> 0 | N27: =J27+G27+F27 -> 0 | O27: =IF(L27=0,today()+1,N27) -> 46178 | R27: 0 | S27: 0 | T27: 46178 | Z27: 0
A28: 46113 | B28: JEYANTHI | C28: CHINNAMMAL | D28: 46113.811 | F28: =IF(COUNTIF(LEAVE!A:A,H:H)>0,TODAY(),"") | G28: =IF(countif(TODAY!$A$28:$A$29,$H$2:$H1000),today(),"") | I28: =COUNTIF($B$3:$B1025,$H$2:$H1025) -> 0 | L28: =H28 | M28: =I28 -> 0 | N28: =J28+G28+F28 -> 0 | O28: =IF(L28=0,today()+1,N28) -> 46178 | R28: 0 | S28: 0 | T28: 46178 | Z28: 0
A29: 46116 | B29: VIJI-2 | C29: NIVETHA | D29: 46116.828 | F29: =IF(COUNTIF(LEAVE!A:A,H:H)>0,TODAY(),"") | G29: =IF(countif(TODAY!$A$28:$A$29,$H$2:$H1000),today(),"") | I29: =COUNTIF($B$3:$B1026,$H$2:$H1026) -> 0 | L29: =H29 | M29: =I29 -> 0 | N29: =J29+G29+F29 -> 0 | O29: =IF(L29=0,today()+1,N29) -> 46178 | R29: 0 | S29: 0 | T29: 46178
A30: 46116 | B30: RAJI-1 | C30: NIVETHA | D30: 46116.828 | F30: =IF(COUNTIF(LEAVE!A:A,H:H)>0,TODAY(),"") | G30: =IF(countif(TODAY!$A$28:$A$29,$H$2:$H1000),today(),"") | I30: =COUNTIF($B$3:$B1027,$H$2:$H1027) -> 0 | L30: =H30 | M30: =I30 -> 0 | N30: =J30+G30+F30 -> 0 | O30: =IF(L30=0,today()+1,N30) -> 46178 | R30: 0 | S30: 0 | T30: 46178
A31: 46117 | B31: DEEPA | C31: VISHNUPRIYA | D31: 46117.837 | F31: =IF(COUNTIF(LEAVE!A:A,H:H)>0,TODAY(),"") | G31: =IF(countif(TODAY!$A$28:$A$29,$H$2:$H1000),today(),"") | I31: =COUNTIF($B$3:$B1028,$H$2:$H1028) -> 0 | L31: =H31 | M31: =I31 -> 0 | N31: =J31+G31+F31 -> 0 | O31: =IF(L31=0,today()+1,N31) -> 46178 | Q31: YOGAPRIYA | R31: 3 | S31: 92327 | T31: 92327
A32: 46117 | B32: YOGAPRIYA | C32: VISHNUPRIYA | D32: 46117.837
A33: 46119 | B33: RAJI-2 | C33: VISHNUPRIYA | D33: 46119.807
A34: 46119 | B34: NIVETHA | C34: VISHNUPRIYA | D34: 46119.807
A35: 46121 | B35: SHANTHI | C35: MUTHUKUMAR | D35: 46121.837
A36: 46124 | B36: KAVIYA | C36: VISHNUPRIYA | D36: 46124.843
A37: 46124 | B37: VIJI-1 | C37: VISHNUPRIYA | D37: 46124.843
A38: 46126 | B38: RANI | C38: VISHNUPRIYA | D38: 46126.826
A39: 46126 | B39: SUDHARSHINI | C39: VISHNUPRIYA | D39: 46126.826
A40: 46128 | B40: PRIYANKA | C40: CHINNAMMAL | D40: 46128.809
A41: 46128 | B41: VISHNUPRIYA | C41: CHINNAMMAL | D41: 46128.809
A42: 46129 | B42: BHARATHI | C42: CHINNAMMAL | D42: 46129.839
A43: 46129 | B43: SAHANA | C43: CHINNAMMAL | D43: 46129.839
... A46: 46131 | B46: PANJU | C46: VISHNUPRIYA | D46: 46132.348
A47: 46131 | C47: VISHNUPRIYA | D47: 46132.348
A48: 46133 | B48: CHINNAMMAL | C48: CHINNAMMAL | D48: 46133.808
A49: 46133 | B49: YAMUNA | C49: CHINNAMMAL | D49: 46133.808
A50: 46143 | B50: NIVETHA | C50: VISHNUPRIYA | D50: 46143.834
A51: 46143 | B51: JEYANTHI | C51: VISHNUPRIYA | D51: 46143.834
A52: 46148 | B52: RAJI-1 | C52: NIVETHA | D52: 46148.831
A53: 46148 | B53: VIJI-2 | C53: NIVETHA | D53: 46148.831
A54: 46150 | B54: DEEPA | C54: NIVETHA | D54: 46150.849
A55: 46150 | B55: YOGAPRIYA | C55: NIVETHA | D55: 46150.849
A56: 46151 | B56: MUTHUPRIYA | C56: CHINNAMMAL | D56: 46151.839
A57: 46151 | B57: SANTHIYA | C57: CHINNAMMAL | D57: 46151.839
A58: 46158 | C58: NIVETHA | D58: 46158.838
A59: 46158 | B59: RAJI-2 | C59: NIVETHA | D59: 46158.838
A60: 46159 | B60: SHANTHI | C60: NIVETHA | D60: 46159.843
A61: 46159 | B61: KAVIYA | C61: NIVETHA | D61: 46159.843
A62: 46166 | B62: PRIYANKA | C62: NIVETHA | D62: 46166.81
A63: 46166 | B63: RANI | C63: NIVETHA | D63: 46166.81
A64: 46168 | B64: VIJI-1 | C64: NIVETHA | D64: 46168.811
A65: 46168 | B65: SUDHARSHINI | C65: NIVETHA | D65: 46168.811
A66: 46171 | B66: PANJU | C66: CHINNAMMAL | D66: 46171.823
A67: 46171 | B67: VISHNUPRIYA | C67: CHINNAMMAL | D67: 46171.823
A68: 46175 | B68: BHARATHI
A69: 46175 | B69: SAHANA
A70: 46176 | B70: VIDHYA | C70: NIVETHA | D70: 46176.848
A71: 46176 | B71: DHANALAKSHMI | C71: NIVETHA | D71: 46176.848

Sheet FAN CLEAN
A1: FAN CLEANING
A2: DATE | B2: NAME | C2: ENTRY BY | D2: DATE & TIME | F2: =IF(COUNTIF(LEAVE!A:A,H:H)>0,TODAY(),"") | G2: =IF(countif(TODAY!$C$28:$C$29,$H$2:$H1000),today(),"") | H2: {=STAFFS!G2:G1000} -> BHARATHI | I2: {=COUNTIF($B$3:$B1000,$H$2:$H1000)} -> 1 | J2: =IFERROR(__xludf.DUMMYFUNCTION("arrayformula(iferror(vlookup($H$2:$H1000, query($A$3:$B1000,""select B, max(A) group by B"",0),2,false)))"),46058.0) -> 46058 | L2: =H2 -> BHARATHI | M2: =I2 -> 1 | N2: =J2+G2+F2 -> 46058 | O2: =IF(L2=0,today()+1,N2) -> 46058 | Q2: {=SORT(L2:O1000,4,TRUE)} -> SHANTHI | R2: 0 | S2: 0 | T2: 0 | V2: {=SORT(Q2:T1000,4,true)} -> SHANTHI | X2: {=SORT(Q2:T8,2,true)} -> SHANTHI | Y2: {=SORT(H2:I28,2,FALSE)} -> DHANALAKSHMI | Z2: 4 | AB2: =IF($M$2:$M$30=0,$L$2:$L$30,"")
A3: 46023 | B3: DEEPA | C3: VISHNUPRIYA | D3: 46023.87 | F3: =IF(COUNTIF(LEAVE!A:A,H:H)>0,TODAY(),"") | G3: =IF(countif(TODAY!$C$28:$C$29,$H$2:$H1000),today(),"") | H3: CHINNAMMAL | I3: =COUNTIF($B$3:$B1000,$H$2:$H1000) -> 2 | J3: =IFERROR(__xludf.DUMMYFUNCTION("""COMPUTED_VALUE"""),46175.0) -> 46175 | L3: =H3 -> CHINNAMMAL | M3: =I3 -> 2 | N3: =J3+G3+F3 -> 46175 | O3: =IF(L3=0,today()+1,N3) -> 46175 | Q3: VISHNUPRIYA | R3: 1 | S3: 46042 | T3: 46042 | V3: VISHNUPRIYA | X3: VISHNUPRIYA | Y3: RAJI-2 | Z3: 4 | AB3: =IF($M$2:$M$30=0,$L$2:$L$30,"")
A4: 46023 | B4: VIJI-2 | C4: VISHNUPRIYA | D4: 46023.87 | F4: =IF(COUNTIF(LEAVE!A:A,H:H)>0,TODAY(),"") | G4: =IF(countif(TODAY!$C$28:$C$29,$H$2:$H1000),today(),"") | H4: DEEPA | I4: =COUNTIF($B$3:$B1001,$H$2:$H1001) -> 2 | J4: =IFERROR(__xludf.DUMMYFUNCTION("""COMPUTED_VALUE"""),46121.0) -> 46121 | L4: =H4 -> DEEPA | M4: =I4 -> 2 | N4: =J4+G4+F4 -> 46121 | O4: =IF(L4=0,today()+1,N4) -> 46121 | Q4: BHARATHI | R4: 1 | S4: 46058 | T4: 46058 | V4: BHARATHI | X4: BHARATHI | Y4: SUDHARSHINI | Z4: 4 | AB4: =IF($M$2:$M$30=0,$L$2:$L$30,"")
